time,despos1,desvel1,desacc1,iqcmd1,despos2,desvel2,desacc2,iqcmd2,actpos1,actvel1,actacc1,actfe1,actpos2,actvel2,actacc2,actfe2,actpos3,actvel3,actacc3,actfe3,actpos4,actvel4,actacc4,actfe4,nodeA,nodeB,nodeC,nodeD
0,0,0,0,0,0,0,0,0,0,0,0,0,0,0,0,0,0,0,0,0,0,0,0,0,0,0,0,0
0.00442,0,0,0,1638.4,0,0,0,0,2,452.488687782805,0,-2,0,0,0,0,0,0,0,0,0,0,0,0,0,0,0,0
0.00884,0,0,0,1638.4,0,0,0,0,15.171875,2980.06221719457,571849.214799042,-15.171875,0,0,0,0,0,0,0,0,0,0,0,0,0,0,0,0
0.01326,0,0,0,1638.4,0,0,0,0,37.8984375,5141.75622171946,489071.041747712,-37.8984375,0,0,0,0,0,0,0,0,0,0,0,0,0,0,0,0
0.01768,0,0,0,1638.4,0,0,0,0,67.765625,6757.282239819,365503.624004422,-67.765625,0,0,0,0,0,0,0,0,0,0,0,0,0,0,0,0
0.0221,0,0,0,1638.4,0,0,0,0,104.63671875,8341.87641402715,358505.469277861,-104.63671875,0,0,0,0,0,0,0,0,0,0,0,0,0,0,0,0
0.02652,0,0,0,1638.4,0,0,0,0,147.37890625,9670.17816742081,300520.75868635,-147.37890625,0,0,0,0,0,0,0,0,0,0,0,0,0,0,0,0
0.03094,0,0,0,1638.4,0,0,0,0,195.28515625,10838.5180995475,264330.301386131,-195.28515625,0,0,0,0,0,0,0,0,0,0,0,0,0,0,0,0
0.03536,0,0,0,1638.4,0,0,0,0,247.21875,11749.6818438914,206145.643516717,-247.21875,0,0,0,0,0,0,0,0,0,0,0,0,0,0,0,0
0.03978,0,0,0,1638.4,0,0,0,0,302.48046875,12502.651300905,170355.080772302,-302.48046875,0,0,0,0,0,0,0,0,0,0,0,0,0,0,0,0
0.0442,0,0,0,1638.4,0,0,0,0,358.95703125,12777.5028280543,62183.6034274483,-358.95703125,0,0,0,0,0,0,0,0,0,0,0,0,0,0,0,0
0.04862,0,0,0,1638.4,0,0,0,0,415.22265625,12729.7794117647,-10797.1530066952,-415.22265625,0,0,0,0,0,0,0,0,0,0,0,0,0,0,0,0
0.05304,0,0,0,1638.4,0,0,0,0,469.69140625,12323.2466063348,-91975.7478348109,-469.69140625,0,0,0,0,0,0,0,0,0,0,0,0,0,0,0,0
0.05746,0,0,0,1638.4,0,0,0,0,520.6875,11537.5777714932,-177753.130054667,-520.6875,1.5,339.366515837104,76779.7547142769,-1.5,0,0,0,0,0,0,0,0,0,0,0,0
0.06188,0,0,0,1638.4,0,0,0,0,566.6640625,10401.9372171946,-256932.252103765,-566.6640625,2.30859375,182.939762443439,-35390.668188612,-2.30859375,0,0,0,0,0,0,0,0,0,0,0,0
0.0663,0,0,0,1638.4,0,0,0,0,606.16015625,8935.76781674208,-331712.534039025,-606.16015625,2.99609375,155.542986425339,-6198.36561495464,-2.99609375,0,0,0,0,0,0,0,0,0,0,0,0
0.07072,0,0,0,1638.4,0,0,0,0,638.8984375,7406.85096153846,-345908.79077005,-638.8984375,2.99609375,0,-35190.7209107103,-2.99609375,0,0,0,0,0,0,0,0,0,0,0,0
0.07514,0,0,0,1638.4,0,0,0,0,663.79296875,5632.24688914027,-401494.13402674,-663.79296875,3.2890625,66.2825226244344,14996.0458426322,-3.2890625,0,0,0,0,0,0,0,0,0,0,0,0
0.07956,0,0,0,1638.4,0,0,0,0,681.046875,3903.59869909502,-391096.875575848,-681.046875,3.6640625,84.841628959276,4198.89283593702,-3.6640625,0,0,0,0,0,0,0,0,0,0,0,0
0.08398,0,0,0,1638.4,0,0,0,0,689.42578125,1895.68014705882,-454280.215392805,-689.42578125,3.99609375,75.1201923076923,-2199.42005691939,-3.99609375,0,0,0,0,0,0,0,0,0,0,0,0
0.0884,0,0,0,1638.4,0,0,0,0,691,356.158088235294,-348308.158104871,-691,3.99609375,0,-16995.5186216498,-3.99609375,0,0,0,0,0,0,0,0,0,0,0,0
0.09282,0,0,0,1638.4,0,0,0,0,681.546875,-2138.71606334842,-564451.165516677,-681.546875,3.99609375,0,0,-3.99609375,0,0,0,0,0,0,0,0,0,0,0,0
0.09724,0,0,0,1638.4,0,0,0,0,664.9765625,-3748.93947963801,-364303.940337012,-664.9765625,3.99609375,0,0,-3.99609375,0,0,0,0,0,0,0,0,0,0,0,0
0.10166,0,0,0,1638.4,0,0,0,0,641.95703125,-5208.03874434389,-330112.95581581,-641.95703125,3.99609375,0,0,-3.99609375,0,0,0,0,0,0,0,0,0,0,0,0
0.10608,0,0,0,1638.4,0,0,0,0,612.6953125,-6620.29835972851,-319515.750087017,-612.6953125,3.99609375,0,0,-3.99609375,0,0,0,0,0,0,0,0,0,0,0,0
0.1105,0,0,0,1638.4,0,0,0,0,577.8515625,-7883.20135746606,-285724.660121619,-577.8515625,3.99609375,0,0,-3.99609375,0,0,0,0,0,0,0,0,0,0,0,0
0.11492,0,0,0,1638.4,0,0,0,0,539.42578125,-8693.61566742081,-183351.653835916,-539.42578125,3.99609375,0,0,-3.99609375,0,0,0,0,0,0,0,0,0,0,0,0
0.11934,0,0,0,1638.4,0,0,0,0,497.3515625,-9519.0540158371,-186750.757560247,-497.3515625,3.99609375,0,0,-3.99609375,0,0,0,0,0,0,0,0,0,0,0,0
0.12376,0,0,0,1638.4,0,0,0,0,453.59765625,-9899.07381221719,-85977.3294977577,-453.59765625,3.99609375,0,0,-3.99609375,0,0,0,0,0,0,0,0,0,0,0,0
0.12818,0,0,0,1638.4,0,0,0,0,408.9921875,-10091.7350113122,-43588.5065825842,-408.9921875,3.99609375,0,0,-3.99609375,0,0,0,0,0,0,0,0,0,0,0,0
0.1326,0,0,0,1638.4,0,0,0,0,364.6171875,-10039.592760181,11796.8893962039,-364.6171875,3.99609375,0,0,-3.99609375,0,0,0,0,0,0,0,0,0,0,0,0
0.13702,0,0,0,1638.4,0,0,0,0,321.80078125,-9686.969739819,79778.9638828033,-321.80078125,3.99609375,0,0,-3.99609375,0,0,0,0,0,0,0,0,0,0,0,0
0.14144,0,0,0,1638.4,0,0,0,0,281.59765625,-9095.72963800905,133764.728916279,-281.59765625,3.99609375,0,0,-3.99609375,0,0,0,0,0,0,0,0,0,0,0,0
0.14586,0,0,0,1638.4,0,0,0,0,244.97265625,-8286.19909502262,183151.706558014,-244.97265625,3.99609375,0,0,-3.99609375,0,0,0,0,0,0,0,0,0,0,0,0
0.15028,0,0,0,1638.4,0,0,0,0,213.25,-7177.07154977376,250933.833766712,-213.25,3.99609375,0,0,-3.99609375,0,0,0,0,0,0,0,0,0,0,0,0
0.1547,0,0,0,1638.4,0,0,0,0,187.23046875,-5886.7717760181,291923.025736574,-187.23046875,3.99609375,0,0,-3.99609375,0,0,0,0,0,0,0,0,0,0,0,0
0.15912,0,0,0,1638.4,0,0,0,0,167.1796875,-4536.37584841629,305519.440633894,-167.1796875,3.99609375,0,0,-3.99609375,0,0,0,0,0,0,0,0,0,0,0,0
0.16354,0,0,0,1638.4,0,0,0,0,153.93359375,-2996.85378959276,348308.158104871,-153.93359375,3.99609375,0,0,-3.99609375,0,0,0,0,0,0,0,0,0,0,0,0
0.16796,0,0,0,1638.4,0,0,0,0,147.7265625,-1404.30571266968,360304.994778977,-147.7265625,3.99609375,0,0,-3.99609375,0,0,0,0,0,0,0,0,0,0,0,0
0.17238,0,0,0,1638.4,0,0,0,0,147.00390625,-163.496889140271,280725.978174075,-147.00390625,3.99609375,0,0,-3.99609375,0,0,0,0,0,0,0,0,0,0,0,0
0.1768,0,0,0,1638.4,0,0,0,0,154,1582.82664027149,395095.821133883,-154,3.99609375,0,0,-3.99609375,0,0,0,0,0,0,0,0,0,0,0,0
0.18122,0,0,0,1638.4,0,0,0,0,166.953125,2930.57126696833,304919.598800188,-166.953125,3.99609375,0,0,-3.99609375,0,0,0,0,0,0,0,0,0,0,0,0
0.18564,0,0,0,1638.4,0,0,0,0,185.16015625,4119.23783936652,268929.088777871,-185.16015625,3.99609375,0,0,-3.99609375,0,0,0,0,0,0,0,0,0,0,0,0
0.19006,0,0,0,1638.4,0,0,0,0,207.83203125,5129.3834841629,228539.738641715,-207.83203125,3.99609375,0,0,-3.99609375,0,0,0,0,0,0,0,0,0,0,0,0
0.19448,0,0,0,1638.4,0,0,0,0,235.1484375,6180.18240950226,237737.313425196,-235.1484375,3.99609375,0,0,-3.99609375,0,0,0,0,0,0,0,0,0,0,0,0
0.1989,0,0,0,1638.4,0,0,0,0,265.9921875,6978.22398190045,180552.391945292,-265.9921875,3.99609375,0,0,-3.99609375,0,0,0,0,0,0,0,0,0,0,0,0
0.20332,0,0,0,1638.4,0,0,0,0,298.73828125,7408.61849547511,97374.3243381585,-298.73828125,3.99609375,0,0,-3.99609375,0,0,0,0,0,0,0,0,0,0,0,0
0.20774,0,0,0,1638.4,0,0,0,0,333.08984375,7771.84671945701,82178.3312176246,-333.08984375,3.99609375,0,0,-3.99609375,0,0,0,0,0,0,0,0,0,0,0,0
0.21216,0,0,0,1638.4,0,0,0,0,368.02734375,7904.41176470588,29992.0916852645,-368.02734375,3.99609375,0,0,-3.99609375,0,0,0,0,0,0,0,0,0,0,0,0
0.21658,0,0,0,1638.4,0,0,0,0,402.65234375,7833.71040723982,-15995.782232141,-402.65234375,3.99609375,0,0,-3.99609375,0,0,0,0,0,0,0,0,0,0,0,0
0.221,0,0,0,1638.4,0,0,0,0,435.78515625,7496.11142533937,-76379.8601584734,-435.78515625,3.99609375,0,0,-3.99609375,0,0,0,0,0,0,0,0,0,0,0,0
0.22542,0,0,0,1638.4,0,0,0,0,466.890625,7037.43636877828,-103772.637231015,-466.890625,3.99609375,0,0,-3.99609375,0,0,0,0,0,0,0,0,0,0,0,0
0.22984,0,0,0,1638.4,0,0,0,0,495,6359.5871040724,-153359.562150652,-495,3.99609375,0,0,-3.99609375,0,0,0,0,0,0,0,0,0,0,0,0
0.23426,0,0,0,1638.4,0,0,0,0,519.31640625,5501.44937782805,-194148.806842612,-519.31640625,3.99609375,0,0,-3.99609375,0,0,0,0,0,0,0,0,0,0,0,0
0.23868,0,0,0,1638.4,0,0,0,0,539.0625,4467.44202488688,-233938.315145063,-539.0625,3.99609375,0,0,-3.99609375,0,0,0,0,0,0,0,0,0,0,0,0
0.2431,0,0,0,1638.4,0,0,0,0,554,3379.52488687783,-246135.09909707,-554,3.99609375,0,0,-3.99609375,0,0,0,0,0,0,0,0,0,0,0,0
0.24752,0,0,0,1638.4,0,0,0,0,563,2036.19909502262,-303919.862410679,-563,3.99609375,0,0,-3.99609375,0,0,0,0,0,0,0,0,0,0,0,0
0.25194,0,0,0,1638.4,0,0,0,0,567,904.977375565611,-255932.515714256,-567,3.99609375,0,0,-3.99609375,0,0,0,0,0,0,0,0,0,0,0,0
0.25636,0,0,0,1638.4,0,0,0,0,567,0,-204746.012571405,-567,3.99609375,0,0,-3.99609375,0,0,0,0,0,0,0,0,0,0,0,0
0.26078,0,0,0,1638.4,0,0,0,0,559.26953125,-1748.97483031674,-395695.662967589,-559.26953125,3.99609375,0,0,-3.99609375,0,0,0,0,0,0,0,0,0,0,0,0
0.2652,0,0,0,1638.4,0,0,0,0,548.00390625,-2548.78393665158,-180952.286501095,-548.00390625,3.99609375,0,0,-3.99609375,0,0,0,0,0,0,0,0,0,0,0,0
0.26962,0,0,0,1638.4,0,0,0,0,533.6953125,-3237.23840497738,-155758.929485473,-533.6953125,3.99609375,0,0,-3.99609375,0,0,0,0,0,0,0,0,0,0,0,0
0.27404,0,0,0,1638.4,0,0,0,0,516,-4003.46436651584,-173354.289940828,-516,3.99609375,0,0,-3.99609375,0,0,0,0,0,0,0,0,0,0,0,0
0.27846,0,0,0,1638.4,0,0,0,0,495.26953125,-4690.15130090498,-155359.03492967,-495.26953125,3.99609375,0,0,-3.99609375,0,0,0,0,0,0,0,0,0,0,0,0
0.28288,0,0,0,1638.4,0,0,0,0,472.4296875,-5167.3854638009,-107971.530066952,-472.4296875,3.99609375,0,0,-3.99609375,0,0,0,0,0,0,0,0,0,0,0,0
0.2873,0,0,0,1638.4,0,0,0,0,447.85546875,-5559.77799773756,-88776.5913883827,-447.85546875,3.99609375,0,0,-3.99609375,0,0,0,0,0,0,0,0,0,0,0,0
0.29172,0,0,0,1638.4,0,0,0,0,422.65625,-5701.18071266968,-31991.5644642822,-422.65625,3.99609375,0,0,-3.99609375,0,0,0,0,0,0,0,0,0,0,0,0
0.29614,0,0,0,1638.4,0,0,0,0,397.328125,-5730.34502262443,-6598.26017075813,-397.328125,3.99609375,0,0,-3.99609375,0,0,0,0,0,0,0,0,0,0,0,0
0.30056,0,0,0,1638.4,0,0,0,0,372.42578125,-5634.01442307692,21794.2532912921,-372.42578125,3.99609375,0,0,-3.99609375,0,0,0,0,0,0,0,0,0,0,0,0
0.30498,0,0,0,1638.4,0,0,0,0,349.15625,-5264.59983031674,83577.9621629369,-349.15625,3.99609375,0,0,-3.99609375,0,0,0,0,0,0,0,0,0,0,0,0
0.3094,0,0,0,1638.4,0,0,0,0,327.60546875,-4875.74236425339,87976.8022767757,-327.60546875,3.99609375,0,0,-3.99609375,0,0,0,0,0,0,0,0,0,0,0,0
0.31382,0,0,0,1638.4,0,0,0,0,308.3671875,-4352.55231900452,118368.788517844,-308.3671875,3.99609375,0,0,-3.99609375,0,0,0,0,0,0,0,0,0,0,0,0
0.31824,0,0,0,1638.4,0,0,0,0,292.015625,-3699.44852941176,147761.038369403,-292.015625,3.99609375,0,0,-3.99609375,0,0,0,0,0,0,0,0,0,0,0,0
0.32266,0,0,0,1638.4,0,0,0,0,279.16796875,-2906.70955882353,179352.708277881,-279.16796875,3.99609375,0,0,-3.99609375,0,0,0,0,0,0,0,0,0,0,0,0
0.32708,0,0,0,1638.4,0,0,0,0,269.8203125,-2114.85435520362,179152.760999979,-269.8203125,3.99609375,0,0,-3.99609375,0,0,0,0,0,0,0,0,0,0,0,0
0.3315,0,0,0,1638.4,0,0,0,0,264.28125,-1253.18156108597,194948.595954219,-264.28125,3.99609375,0,0,-3.99609375,0,0,0,0,0,0,0,0,0,0,0,0
0.33592,0,0,0,1638.4,0,0,0,0,263.00390625,-288.991798642534,218142.480190823,-263.00390625,3.99609375,0,0,-3.99609375,0,0,0,0,0,0,0,0,0,0,0,0
0.34034,0,0,0,1638.4,0,0,0,0,263.00390625,0,65382.7598738765,-263.00390625,3.99609375,0,0,-3.99609375,0,0,0,0,0,0,0,0,0,0,0,0
0.34476,0,0,0,1638.4,0,0,0,0,269.2109375,1404.30571266968,317716.224585901,-269.2109375,3.99609375,0,0,-3.99609375,0,0,0,0,0,0,0,0,0,0,0,0
0.34918,0,0,0,1638.4,0,0,0,0,277.57421875,1892.14507918552,110370.897401773,-277.57421875,3.99609375,0,0,-3.99609375,0,0,0,0,0,0,0,0,0,0,0,0
0.3536,0,0,0,1638.4,0,0,0,0,288.08984375,2379.10067873303,110170.950123871,-288.08984375,3.99609375,0,0,-3.99609375,0,0,0,0,0,0,0,0,0,0,0,0
0.35802,0,0,0,1638.4,0,0,0,0,300.890625,2896.10435520362,116969.157572531,-300.890625,3.99609375,0,0,-3.99609375,0,0,0,0,0,0,0,0,0,0,0,0
0.36244,0,0,0,1638.4,0,0,0,0,315.37109375,3276.12415158371,85977.329497758,-315.37109375,3.99609375,0,0,-3.99609375,0,0,0,0,0,0,0,0,0,0,0,0
0.36686,0,0,0,1638.4,0,0,0,0,331.1953125,3580.13998868778,68781.8635982064,-331.1953125,3.99609375,0,0,-3.99609375,0,0,0,0,0,0,0,0,0,0,0,0
0.37128,0,0,0,1638.4,0,0,0,0,347.8203125,3761.31221719457,40989.1919698613,-347.8203125,3.99609375,0,0,-3.99609375,0,0,0,0,0,0,0,0,0,0,0,0
0.3757,0,0,0,1638.4,0,0,0,0,364.9296875,3870.89932126697,24793.4624598186,-364.9296875,3.99609375,0,0,-3.99609375,0,0,0,0,0,0,0,0,0,0,0,0
0.38012,0,0,0,1638.4,0,0,0,0,381.75390625,3806.38433257919,-14596.1512868286,-381.75390625,3.99609375,0,0,-3.99609375,0,0,0,0,0,0,0,0,0,0,0,0
0.38454,0,0,0,1638.4,0,0,0,0,398.0859375,3695.02969457014,-25193.3570156221,-398.0859375,3.99609375,0,0,-3.99609375,0,0,0,0,0,0,0,0,0,0,0,0
0.38896,0,0,0,1638.4,0,0,0,0,413.05078125,3385.71125565611,-69981.5472656171,-413.05078125,3.99609375,0,0,-3.99609375,0,0,0,0,0,0,0,0,0,0,0,0
0.39338,0,0,0,1638.4,0,0,0,0,426.6015625,3065.78761312217,-72380.9146004381,-426.6015625,3.99609375,0,0,-3.99609375,0,0,0,0,0,0,0,0,0,0,0,0
0.3978,0,0,0,1638.4,0,0,0,0,438.3125,2649.53337104072,-94175.1678917303,-438.3125,3.99609375,0,0,-3.99609375,0,0,0,0,0,0,0,0,0,0,0,0
0.40222,0,0,0,1638.4,0,0,0,0,447.76953125,2139.59983031674,-115369.579349317,-447.76953125,3.99609375,0,0,-3.99609375,0,0,0,0,0,0,0,0,0,0,0,0
0.40664,0,0,0,1638.4,0,0,0,0,455,1635.85265837104,-113969.948404005,-455,3.99609375,0,0,-3.99609375,0,0,0,0,0,0,0,0,0,0,0,0
0.41106,0,0,0,1638.4,0,0,0,0,459.25,961.538461538461,-152559.773039045,-459.25,3.99609375,0,0,-3.99609375,0,0,0,0,0,0,0,0,0,0,0,0
0.41548,0,0,0,1638.4,0,0,0,0,461,395.927601809955,-127966.257857128,-461,3.99609375,0,0,-3.99609375,0,0,0,0,0,0,0,0,0,0,0,0
0.4199,0,0,0,1638.4,0,0,0,0,461,0,-89576.3804999897,-461,3.99609375,0,0,-3.99609375,0,0,0,0,0,0,0,0,0,0,0,0
0.42432,0,0,0,1638.4,0,0,0,0,458.3984375,-588.588800904977,-133164.887082574,-458.3984375,3.99609375,0,0,-3.99609375,0,0,0,0,0,0,0,0,0,0,0,0
0.42874,0,0,0,1638.4,0,0,0,0,452.9140625,-1240.80882352941,-147561.091091501,-452.9140625,3.99609375,0,0,-3.99609375,0,0,0,0,0,0,0,0,0,0,0,0
0.43316,0,0,0,1638.4,0,0,0,0,446.65234375,-1416.67845022624,-39789.5083024508,-446.65234375,3.99609375,0,0,-3.99609375,0,0,0,0,0,0,0,0,0,0,0,0
0.43758,0,0,0,1638.4,0,0,0,0,439.7109375,-1570.45390271493,-34790.8263549067,-439.7109375,3.99609375,0,0,-3.99609375,0,0,0,0,0,0,0,0,0,0,0,0
0.442,0,0,0,1638.4,0,0,0,0,431.72265625,-1807.30345022624,-53585.8704776725,-431.72265625,3.99609375,0,0,-3.99609375,0,0,0,0,0,0,0,0,0,0,0,0
0.44642,0,0,0,1638.4,0,0,0,0,423.40234375,-1882.42364253394,-16995.5186216499,-423.40234375,3.99609375,0,0,-3.99609375,0,0,0,0,0,0,0,0,0,0,0,0
0.45084,0,0,0,1638.4,0,0,0,0,414.59765625,-1992.01074660633,-24793.4624598186,-414.59765625,3.99609375,0,0,-3.99609375,0,0,0,0,0,0,0,0,0,0,0,0
0.45526,0,0,0,1638.4,0,0,0,0,405.87890625,-1972.56787330317,4398.8401138388,-405.87890625,3.99609375,0,0,-3.99609375,0,0,0,0,0,0,0,0,0,0,0,0
0.45968,0,0,0,1638.4,0,0,0,0,397.3125,-1938.10096153846,7797.94383816875,-397.3125,3.99609375,0,0,-3.99609375,0,0,0,0,0,0,0,0,0,0,0,0
0.4641,0,0,0,1638.4,0,0,0,0,389.1015625,-1857.67816742081,18195.2022890604,-389.1015625,3.99609375,0,0,-3.99609375,0,0,0,0,0,0,0,0,0,0,0,0
0.46852,0,0,0,1638.4,0,0,0,0,381.6484375,-1686.22737556561,38789.771912942,-381.6484375,3.99609375,0,0,-3.99609375,0,0,0,0,0,0,0,0,0,0,0,0
0.47294,0,0,0,1638.4,0,0,0,0,375.08203125,-1485.61227375566,45388.0320837002,-375.08203125,3.99609375,0,0,-3.99609375,0,0,0,0,0,0,0,0,0,0,0,0
0.47736,0,0,0,1638.4,0,0,0,0,369.4375,-1277.04326923077,47187.557584816,-369.4375,3.99609375,0,0,-3.99609375,0,0,0,0,0,0,0,0,0,0,0,0
0.48178,0,0,0,1638.4,0,0,0,0,365.23046875,-951.817024886878,73580.5982678487,-365.23046875,3.99609375,0,0,-3.99609375,0,0,0,0,0,0,0,0,0,0,0,0
0.4862,0,0,0,1638.4,0,0,0,0,362.36328125,-648.684954751131,68581.9163203047,-362.36328125,3.99609375,0,0,-3.99609375,0,0,0,0,0,0,0,0,0,0,0,0
0.49062,0,0,0,1638.4,0,0,0,0,360.546875,-410.951640271493,53785.8177555742,-360.546875,3.99609375,0,0,-3.99609375,0,0,0,0,0,0,0,0,0,0,0,0
0.49504,0,0,0,1638.4,0,0,0,0,360.00390625,-122.843608597285,65182.8125959747,-360.00390625,3.99609375,0,0,-3.99609375,0,0,0,0,0,0,0,0,0,0,0,0
0.49946,0,0,0,1638.4,0,0,0,0,360.00390625,0,27792.671628345,-360.00390625,3.99609375,0,0,-3.99609375,0,0,0,0,0,0,0,0,0,0,0,0
0.50388,0,0,0,1638.4,0,0,0,0,361.50390625,339.366515837104,76779.7547142769,-361.50390625,3.99609375,0,0,-3.99609375,0,0,0,0,0,0,0,0,0,0,0,0
0.5083,0,0,0,1638.4,0,0,0,0,364.4140625,658.406391402715,72180.9673225364,-364.4140625,3.99609375,0,0,-3.99609375,0,0,0,0,0,0,0,0,0,0,0,0
0.51272,0,0,0,1638.4,0,0,0,0,367.296875,652.220022624434,-1399.63094531234,-367.296875,3.99609375,0,0,-3.99609375,0,0,0,0,0,0,0,0,0,0,0,0
0.51714,0,0,0,1638.4,0,0,0,0,370.359375,692.873303167421,9197.57478348109,-370.359375,3.99609375,0,0,-3.99609375,0,0,0,0,0,0,0,0,0,0,0,0
0.52156,0,0,0,1638.4,0,0,0,0,373.49609375,709.664875565611,3798.9982801335,-373.49609375,3.99609375,0,0,-3.99609375,0,0,0,0,0,0,0,0,0,0,0,0
0.52598,0,0,0,1638.4,0,0,0,0,376.59765625,701.710972850679,-1799.52550111587,-376.59765625,3.99609375,0,0,-3.99609375,0,0,0,0,0,0,0,0,0,0,0,0
0.5304,0,0,0,1638.4,0,0,0,0,379.32421875,616.869343891403,-19194.9386785692,-379.32421875,3.99609375,0,0,-3.99609375,0,0,0,0,0,0,0,0,0,0,0,0
0.53482,0,0,0,1638.4,0,0,0,0,381.875,577.099830316742,-8997.62750557934,-381.875,3.99609375,0,0,-3.99609375,0,0,0,0,0,0,0,0,0,0,0,0
0.53924,0,0,0,1638.4,0,0,0,0,383.72265625,418.0217760181,-35990.5100223173,-383.72265625,3.99609375,0,0,-3.99609375,0,0,0,0,0,0,0,0,0,0,0,0
0.54366,0,0,0,1638.4,0,0,0,0,385.19921875,334.063914027149,-18994.9914006675,-385.19921875,3.99609375,0,0,-3.99609375,0,0,0,0,0,0,0,0,0,0,0,0
0.54808,0,0,0,1638.4,0,0,0,0,386,181.172228506787,-34590.879077005,-386,3.99609375,0,0,-3.99609375,0,0,0,0,0,0,0,0,0,0,0,0
0.5525,0,0,0,1638.4,0,0,0,0,386,0,-40989.1919698614,-386,3.99609375,0,0,-3.99609375,0,0,0,0,0,0,0,0,0,0,0,0
0.55692,0,0,0,1638.4,0,0,0,0,386,0,0,-386,3.99609375,0,0,-3.99609375,0,0,0,0,0,0,0,0,0,0,0,0
0.56134,0,0,0,1638.4,0,0,0,0,386,0,0,-386,3.99609375,0,0,-3.99609375,0,0,0,0,0,0,0,0,0,0,0,0
0.56576,0,0,0,1638.4,0,0,0,0,386,0,0,-386,3.99609375,0,0,-3.99609375,0,0,0,0,0,0,0,0,0,0,0,0
0.57018,0,0,0,1638.4,0,0,0,0,386,0,0,-386,3.99609375,0,0,-3.99609375,0,0,0,0,0,0,0,0,0,0,0,0
0.5746,0,0,0,1638.4,0,0,0,0,384.50390625,-338.482748868778,-76579.8074363752,-384.50390625,3.99609375,0,0,-3.99609375,0,0,0,0,0,0,0,0,0,0,0,0
0.57902,0,0,0,1638.4,0,0,0,0,384.50390625,0,76579.8074363752,-384.50390625,3.99609375,0,0,-3.99609375,0,0,0,0,0,0,0,0,0,0,0,0
0.58344,0,0,0,1638.4,0,0,0,0,384.50390625,0,0,-384.50390625,3.99609375,0,0,-3.99609375,0,0,0,0,0,0,0,0,0,0,0,0
0.58786,0,0,0,1638.4,0,0,0,0,384.50390625,0,0,-384.50390625,3.99609375,0,0,-3.99609375,0,0,0,0,0,0,0,0,0,0,0,0
0.59228,0,0,0,1638.4,0,0,0,0,384.50390625,0,0,-384.50390625,3.99609375,0,0,-3.99609375,0,0,0,0,0,0,0,0,0,0,0,0
0.5967,0,0,0,1638.4,0,0,0,0,384.50390625,0,0,-384.50390625,3.99609375,0,0,-3.99609375,0,0,0,0,0,0,0,0,0,0,0,0
0.60112,0,0,0,1638.4,0,0,0,0,384.50390625,0,0,-384.50390625,3.99609375,0,0,-3.99609375,0,0,0,0,0,0,0,0,0,0,0,0
0.60554,0,0,0,1638.4,0,0,0,0,384.50390625,0,0,-384.50390625,3.99609375,0,0,-3.99609375,0,0,0,0,0,0,0,0,0,0,0,0
0.60996,0,0,0,1638.4,0,0,0,0,384.50390625,0,0,-384.50390625,3.99609375,0,0,-3.99609375,0,0,0,0,0,0,0,0,0,0,0,0
0.61438,0,0,0,1638.4,0,0,0,0,384.50390625,0,0,-384.50390625,3.99609375,0,0,-3.99609375,0,0,0,0,0,0,0,0,0,0,0,0
0.6188,0,0,0,1638.4,0,0,0,0,384.50390625,0,0,-384.50390625,3.99609375,0,0,-3.99609375,0,0,0,0,0,0,0,0,0,0,0,0
0.62322,0,0,0,1638.4,0,0,0,0,384.50390625,0,0,-384.50390625,3.99609375,0,0,-3.99609375,0,0,0,0,0,0,0,0,0,0,0,0
0.62764,0,0,0,1638.4,0,0,0,0,384.50390625,0,0,-384.50390625,3.99609375,0,0,-3.99609375,0,0,0,0,0,0,0,0,0,0,0,0
0.63206,0,0,0,1638.4,0,0,0,0,384.50390625,0,0,-384.50390625,3.99609375,0,0,-3.99609375,0,0,0,0,0,0,0,0,0,0,0,0
0.63648,0,0,0,1638.4,0,0,0,0,384.50390625,0,0,-384.50390625,3.99609375,0,0,-3.99609375,0,0,0,0,0,0,0,0,0,0,0,0
0.6409,0,0,0,1638.4,0,0,0,0,384.50390625,0,0,-384.50390625,3.99609375,0,0,-3.99609375,0,0,0,0,0,0,0,0,0,0,0,0
0.64532,0,0,0,1638.4,0,0,0,0,384.50390625,0,0,-384.50390625,3.99609375,0,0,-3.99609375,0,0,0,0,0,0,0,0,0,0,0,0
0.64974,0,0,0,1638.4,0,0,0,0,384.50390625,0,0,-384.50390625,3.99609375,0,0,-3.99609375,0,0,0,0,0,0,0,0,0,0,0,0
0.65416,0,0,0,1638.4,0,0,0,0,384.50390625,0,0,-384.50390625,3.99609375,0,0,-3.99609375,0,0,0,0,0,0,0,0,0,0,0,0
0.65858,0,0,0,1638.4,0,0,0,0,384.50390625,0,0,-384.50390625,3.99609375,0,0,-3.99609375,0,0,0,0,0,0,0,0,0,0,0,0
0.663,0,0,0,1638.4,0,0,0,0,384.50390625,0,0,-384.50390625,3.99609375,0,0,-3.99609375,0,0,0,0,0,0,0,0,0,0,0,0
0.66742,0,0,0,1638.4,0,0,0,0,384.50390625,0,0,-384.50390625,3.99609375,0,0,-3.99609375,0,0,0,0,0,0,0,0,0,0,0,0
0.67184,0,0,0,1638.4,0,0,0,0,384.50390625,0,0,-384.50390625,3.99609375,0,0,-3.99609375,0,0,0,0,0,0,0,0,0,0,0,0
0.67626,0,0,0,1638.4,0,0,0,0,384.50390625,0,0,-384.50390625,3.99609375,0,0,-3.99609375,0,0,0,0,0,0,0,0,0,0,0,0
0.68068,0,0,0,1638.4,0,0,0,0,384.50390625,0,0,-384.50390625,3.99609375,0,0,-3.99609375,0,0,0,0,0,0,0,0,0,0,0,0
0.6851,0,0,0,1638.4,0,0,0,0,384.50390625,0,0,-384.50390625,3.99609375,0,0,-3.99609375,0,0,0,0,0,0,0,0,0,0,0,0
0.68952,0,0,0,1638.4,0,0,0,0,384.50390625,0,0,-384.50390625,3.99609375,0,0,-3.99609375,0,0,0,0,0,0,0,0,0,0,0,0
0.69394,0,0,0,1638.4,0,0,0,0,384.50390625,0,0,-384.50390625,3.99609375,0,0,-3.99609375,0,0,0,0,0,0,0,0,0,0,0,0
0.69836,0,0,0,1638.4,0,0,0,0,384.50390625,0,0,-384.50390625,3.99609375,0,0,-3.99609375,0,0,0,0,0,0,0,0,0,0,0,0
0.70278,0,0,0,1638.4,0,0,0,0,384.50390625,0,0,-384.50390625,3.99609375,0,0,-3.99609375,0,0,0,0,0,0,0,0,0,0,0,0
0.7072,0,0,0,1638.4,0,0,0,0,384.50390625,0,0,-384.50390625,3.99609375,0,0,-3.99609375,0,0,0,0,0,0,0,0,0,0,0,0
0.71162,0,0,0,1638.4,0,0,0,0,384.50390625,0,0,-384.50390625,3.99609375,0,0,-3.99609375,0,0,0,0,0,0,0,0,0,0,0,0
0.71604,0,0,0,1638.4,0,0,0,0,384.50390625,0,0,-384.50390625,3.99609375,0,0,-3.99609375,0,0,0,0,0,0,0,0,0,0,0,0
0.72046,0,0,0,1638.4,0,0,0,0,384.50390625,0,0,-384.50390625,3.99609375,0,0,-3.99609375,0,0,0,0,0,0,0,0,0,0,0,0
0.72488,0,0,0,1638.4,0,0,0,0,384.50390625,0,0,-384.50390625,3.99609375,0,0,-3.99609375,0,0,0,0,0,0,0,0,0,0,0,0
0.7293,0,0,0,1638.4,0,0,0,0,384.50390625,0,0,-384.50390625,3.99609375,0,0,-3.99609375,0,0,0,0,0,0,0,0,0,0,0,0
0.73372,0,0,0,1638.4,0,0,0,0,384.50390625,0,0,-384.50390625,3.99609375,0,0,-3.99609375,0,0,0,0,0,0,0,0,0,0,0,0
0.73814,0,0,0,1638.4,0,0,0,0,384.50390625,0,0,-384.50390625,3.99609375,0,0,-3.99609375,0,0,0,0,0,0,0,0,0,0,0,0
0.74256,0,0,0,1638.4,0,0,0,0,384.50390625,0,0,-384.50390625,3.99609375,0,0,-3.99609375,0,0,0,0,0,0,0,0,0,0,0,0
0.74698,0,0,0,1638.4,0,0,0,0,384.50390625,0,0,-384.50390625,3.99609375,0,0,-3.99609375,0,0,0,0,0,0,0,0,0,0,0,0
0.7514,0,0,0,1638.4,0,0,0,0,384.50390625,0,0,-384.50390625,3.99609375,0,0,-3.99609375,0,0,0,0,0,0,0,0,0,0,0,0
0.75582,0,0,0,1638.4,0,0,0,0,384.50390625,0,0,-384.50390625,3.99609375,0,0,-3.99609375,0,0,0,0,0,0,0,0,0,0,0,0
0.76024,0,0,0,1638.4,0,0,0,0,384.50390625,0,0,-384.50390625,3.99609375,0,0,-3.99609375,0,0,0,0,0,0,0,0,0,0,0,0
0.76466,0,0,0,1638.4,0,0,0,0,384.50390625,0,0,-384.50390625,3.99609375,0,0,-3.99609375,0,0,0,0,0,0,0,0,0,0,0,0
0.76908,0,0,0,1638.4,0,0,0,0,384.50390625,0,0,-384.50390625,3.99609375,0,0,-3.99609375,0,0,0,0,0,0,0,0,0,0,0,0
0.7735,0,0,0,1638.4,0,0,0,0,384.50390625,0,0,-384.50390625,3.99609375,0,0,-3.99609375,0,0,0,0,0,0,0,0,0,0,0,0
0.77792,0,0,0,1638.4,0,0,0,0,384.50390625,0,0,-384.50390625,3.99609375,0,0,-3.99609375,0,0,0,0,0,0,0,0,0,0,0,0
0.78234,0,0,0,1638.4,0,0,0,0,384.50390625,0,0,-384.50390625,3.99609375,0,0,-3.99609375,0,0,0,0,0,0,0,0,0,0,0,0
0.78676,0,0,0,1638.4,0,0,0,0,384.50390625,0,0,-384.50390625,3.99609375,0,0,-3.99609375,0,0,0,0,0,0,0,0,0,0,0,0
0.79118,0,0,0,1638.4,0,0,0,0,384.50390625,0,0,-384.50390625,3.99609375,0,0,-3.99609375,0,0,0,0,0,0,0,0,0,0,0,0
0.7956,0,0,0,1638.4,0,0,0,0,384.50390625,0,0,-384.50390625,3.99609375,0,0,-3.99609375,0,0,0,0,0,0,0,0,0,0,0,0
0.80002,0,0,0,1638.4,0,0,0,0,384.50390625,0,0,-384.50390625,3.99609375,0,0,-3.99609375,0,0,0,0,0,0,0,0,0,0,0,0
0.80444,0,0,0,1638.4,0,0,0,0,384.50390625,0,0,-384.50390625,3.99609375,0,0,-3.99609375,0,0,0,0,0,0,0,0,0,0,0,0
0.80886,0,0,0,1638.4,0,0,0,0,384.50390625,0,0,-384.50390625,3.99609375,0,0,-3.99609375,0,0,0,0,0,0,0,0,0,0,0,0
0.81328,0,0,0,1638.4,0,0,0,0,384.50390625,0,0,-384.50390625,3.99609375,0,0,-3.99609375,0,0,0,0,0,0,0,0,0,0,0,0
0.8177,0,0,0,1638.4,0,0,0,0,384.50390625,0,0,-384.50390625,3.99609375,0,0,-3.99609375,0,0,0,0,0,0,0,0,0,0,0,0
0.82212,0,0,0,1638.4,0,0,0,0,384.50390625,0,0,-384.50390625,3.99609375,0,0,-3.99609375,0,0,0,0,0,0,0,0,0,0,0,0
0.82654,0,0,0,1638.4,0,0,0,0,384.50390625,0,0,-384.50390625,3.99609375,0,0,-3.99609375,0,0,0,0,0,0,0,0,0,0,0,0
0.83096,0,0,0,1638.4,0,0,0,0,384.50390625,0,0,-384.50390625,3.99609375,0,0,-3.99609375,0,0,0,0,0,0,0,0,0,0,0,0
0.83538,0,0,0,1638.4,0,0,0,0,384.50390625,0,0,-384.50390625,3.99609375,0,0,-3.99609375,0,0,0,0,0,0,0,0,0,0,0,0
0.8398,0,0,0,1638.4,0,0,0,0,384.50390625,0,0,-384.50390625,3.99609375,0,0,-3.99609375,0,0,0,0,0,0,0,0,0,0,0,0
0.84422,0,0,0,1638.4,0,0,0,0,384.50390625,0,0,-384.50390625,3.99609375,0,0,-3.99609375,0,0,0,0,0,0,0,0,0,0,0,0
0.84864,0,0,0,1638.4,0,0,0,0,384.50390625,0,0,-384.50390625,3.99609375,0,0,-3.99609375,0,0,0,0,0,0,0,0,0,0,0,0
0.85306,0,0,0,1638.4,0,0,0,0,384.50390625,0,0,-384.50390625,3.99609375,0,0,-3.99609375,0,0,0,0,0,0,0,0,0,0,0,0
0.85748,0,0,0,1638.4,0,0,0,0,384.50390625,0,0,-384.50390625,3.99609375,0,0,-3.99609375,0,0,0,0,0,0,0,0,0,0,0,0
0.8619,0,0,0,1638.4,0,0,0,0,384.50390625,0,0,-384.50390625,3.99609375,0,0,-3.99609375,0,0,0,0,0,0,0,0,0,0,0,0
0.86632,0,0,0,1638.4,0,0,0,0,384.50390625,0,0,-384.50390625,3.99609375,0,0,-3.99609375,0,0,0,0,0,0,0,0,0,0,0,0
0.87074,0,0,0,1638.4,0,0,0,0,384.50390625,0,0,-384.50390625,3.99609375,0,0,-3.99609375,0,0,0,0,0,0,0,0,0,0,0,0
0.87516,0,0,0,1638.4,0,0,0,0,384.50390625,0,0,-384.50390625,3.99609375,0,0,-3.99609375,0,0,0,0,0,0,0,0,0,0,0,0
0.87958,0,0,0,1638.4,0,0,0,0,384.50390625,0,0,-384.50390625,3.99609375,0,0,-3.99609375,0,0,0,0,0,0,0,0,0,0,0,0
0.884,0,0,0,1638.4,0,0,0,0,384.50390625,0,0,-384.50390625,3.99609375,0,0,-3.99609375,0,0,0,0,0,0,0,0,0,0,0,0
0.88842,0,0,0,1638.4,0,0,0,0,384.50390625,0,0,-384.50390625,3.99609375,0,0,-3.99609375,0,0,0,0,0,0,0,0,0,0,0,0
0.89284,0,0,0,1638.4,0,0,0,0,384.50390625,0,0,-384.50390625,3.99609375,0,0,-3.99609375,0,0,0,0,0,0,0,0,0,0,0,0
0.89726,0,0,0,1638.4,0,0,0,0,384.50390625,0,0,-384.50390625,3.99609375,0,0,-3.99609375,0,0,0,0,0,0,0,0,0,0,0,0
0.90168,0,0,0,1638.4,0,0,0,0,384.50390625,0,0,-384.50390625,3.99609375,0,0,-3.99609375,0,0,0,0,0,0,0,0,0,0,0,0
0.9061,0,0,0,1638.4,0,0,0,0,384.50390625,0,0,-384.50390625,3.99609375,0,0,-3.99609375,0,0,0,0,0,0,0,0,0,0,0,0
0.91052,0,0,0,1638.4,0,0,0,0,384.50390625,0,0,-384.50390625,3.99609375,0,0,-3.99609375,0,0,0,0,0,0,0,0,0,0,0,0
0.91494,0,0,0,1638.4,0,0,0,0,384.50390625,0,0,-384.50390625,3.99609375,0,0,-3.99609375,0,0,0,0,0,0,0,0,0,0,0,0
0.91936,0,0,0,1638.4,0,0,0,0,384.50390625,0,0,-384.50390625,3.99609375,0,0,-3.99609375,0,0,0,0,0,0,0,0,0,0,0,0
0.92378,0,0,0,1638.4,0,0,0,0,384.50390625,0,0,-384.50390625,3.99609375,0,0,-3.99609375,0,0,0,0,0,0,0,0,0,0,0,0
0.9282,0,0,0,1638.4,0,0,0,0,384.50390625,0,0,-384.50390625,3.99609375,0,0,-3.99609375,0,0,0,0,0,0,0,0,0,0,0,0
0.93262,0,0,0,1638.4,0,0,0,0,384.50390625,0,0,-384.50390625,3.99609375,0,0,-3.99609375,0,0,0,0,0,0,0,0,0,0,0,0
0.93704,0,0,0,1638.4,0,0,0,0,384.50390625,0,0,-384.50390625,3.99609375,0,0,-3.99609375,0,0,0,0,0,0,0,0,0,0,0,0
0.94146,0,0,0,1638.4,0,0,0,0,384.50390625,0,0,-384.50390625,3.99609375,0,0,-3.99609375,0,0,0,0,0,0,0,0,0,0,0,0
0.94588,0,0,0,1638.4,0,0,0,0,384.50390625,0,0,-384.50390625,3.99609375,0,0,-3.99609375,0,0,0,0,0,0,0,0,0,0,0,0
0.9503,0,0,0,1638.4,0,0,0,0,384.50390625,0,0,-384.50390625,3.99609375,0,0,-3.99609375,0,0,0,0,0,0,0,0,0,0,0,0
0.95472,0,0,0,1638.4,0,0,0,0,384.50390625,0,0,-384.50390625,3.99609375,0,0,-3.99609375,0,0,0,0,0,0,0,0,0,0,0,0
0.95914,0,0,0,1638.4,0,0,0,0,384.50390625,0,0,-384.50390625,3.99609375,0,0,-3.99609375,0,0,0,0,0,0,0,0,0,0,0,0
0.96356,0,0,0,1638.4,0,0,0,0,384.50390625,0,0,-384.50390625,3.99609375,0,0,-3.99609375,0,0,0,0,0,0,0,0,0,0,0,0
0.96798,0,0,0,1638.4,0,0,0,0,384.50390625,0,0,-384.50390625,3.99609375,0,0,-3.99609375,0,0,0,0,0,0,0,0,0,0,0,0
0.9724,0,0,0,1638.4,0,0,0,0,384.50390625,0,0,-384.50390625,3.99609375,0,0,-3.99609375,0,0,0,0,0,0,0,0,0,0,0,0
0.97682,0,0,0,1638.4,0,0,0,0,384.50390625,0,0,-384.50390625,3.99609375,0,0,-3.99609375,0,0,0,0,0,0,0,0,0,0,0,0
0.98124,0,0,0,1638.4,0,0,0,0,384.50390625,0,0,-384.50390625,3.99609375,0,0,-3.99609375,0,0,0,0,0,0,0,0,0,0,0,0
0.98566,0,0,0,1638.4,0,0,0,0,384.50390625,0,0,-384.50390625,3.99609375,0,0,-3.99609375,0,0,0,0,0,0,0,0,0,0,0,0
0.99008,0,0,0,1638.4,0,0,0,0,384.50390625,0,0,-384.50390625,3.99609375,0,0,-3.99609375,0,0,0,0,0,0,0,0,0,0,0,0
0.9945,0,0,0,1638.4,0,0,0,0,384.50390625,0,0,-384.50390625,3.99609375,0,0,-3.99609375,0,0,0,0,0,0,0,0,0,0,0,0
0.99892,0,0,0,1638.4,0,0,0,0,384.50390625,0,0,-384.50390625,3.99609375,0,0,-3.99609375,0,0,0,0,0,0,0,0,0,0,0,0
1.00334,0,0,0,1638.4,0,0,0,0,384.50390625,0,0,-384.50390625,3.99609375,0,0,-3.99609375,0,0,0,0,0,0,0,0,0,0,0,0
1.00776,0,0,0,1638.4,0,0,0,0,384.50390625,0,0,-384.50390625,3.99609375,0,0,-3.99609375,0,0,0,0,0,0,0,0,0,0,0,0
1.01218,0,0,0,1638.4,0,0,0,0,384.50390625,0,0,-384.50390625,3.99609375,0,0,-3.99609375,0,0,0,0,0,0,0,0,0,0,0,0
1.0166,0,0,0,1638.4,0,0,0,0,384.50390625,0,0,-384.50390625,3.99609375,0,0,-3.99609375,0,0,0,0,0,0,0,0,0,0,0,0
1.02102,0,0,0,1638.4,0,0,0,0,384.50390625,0,0,-384.50390625,3.99609375,0,0,-3.99609375,0,0,0,0,0,0,0,0,0,0,0,0
1.02544,0,0,0,1638.4,0,0,0,0,384.50390625,0,0,-384.50390625,3.99609375,0,0,-3.99609375,0,0,0,0,0,0,0,0,0,0,0,0
1.02986,0,0,0,1638.4,0,0,0,0,384.50390625,0,0,-384.50390625,3.99609375,0,0,-3.99609375,0,0,0,0,0,0,0,0,0,0,0,0
1.03428,0,0,0,1638.4,0,0,0,0,384.50390625,0,0,-384.50390625,3.99609375,0,0,-3.99609375,0,0,0,0,0,0,0,0,0,0,0,0
1.0387,0,0,0,1638.4,0,0,0,0,384.50390625,0,0,-384.50390625,3.99609375,0,0,-3.99609375,0,0,0,0,0,0,0,0,0,0,0,0
1.04312,0,0,0,1638.4,0,0,0,0,384.50390625,0,0,-384.50390625,3.99609375,0,0,-3.99609375,0,0,0,0,0,0,0,0,0,0,0,0
1.04754,0,0,0,1638.4,0,0,0,0,384.50390625,0,0,-384.50390625,3.99609375,0,0,-3.99609375,0,0,0,0,0,0,0,0,0,0,0,0
1.05196,0,0,0,1638.4,0,0,0,0,384.50390625,0,0,-384.50390625,3.99609375,0,0,-3.99609375,0,0,0,0,0,0,0,0,0,0,0,0
1.05638,0,0,0,1638.4,0,0,0,0,384.50390625,0,0,-384.50390625,3.99609375,0,0,-3.99609375,0,0,0,0,0,0,0,0,0,0,0,0
1.0608,0,0,0,1638.4,0,0,0,0,384.50390625,0,0,-384.50390625,3.99609375,0,0,-3.99609375,0,0,0,0,0,0,0,0,0,0,0,0
1.06522,0,0,0,1638.4,0,0,0,0,384.50390625,0,0,-384.50390625,3.99609375,0,0,-3.99609375,0,0,0,0,0,0,0,0,0,0,0,0
1.06964,0,0,0,1638.4,0,0,0,0,384.50390625,0,0,-384.50390625,3.99609375,0,0,-3.99609375,0,0,0,0,0,0,0,0,0,0,0,0
1.07406,0,0,0,1638.4,0,0,0,0,384.50390625,0,0,-384.50390625,3.99609375,0,0,-3.99609375,0,0,0,0,0,0,0,0,0,0,0,0
1.07848,0,0,0,1638.4,0,0,0,0,384.50390625,0,0,-384.50390625,3.99609375,0,0,-3.99609375,0,0,0,0,0,0,0,0,0,0,0,0
1.0829,0,0,0,1638.4,0,0,0,0,384.50390625,0,0,-384.50390625,3.99609375,0,0,-3.99609375,0,0,0,0,0,0,0,0,0,0,0,0
1.08732,0,0,0,1638.4,0,0,0,0,384.50390625,0,0,-384.50390625,3.99609375,0,0,-3.99609375,0,0,0,0,0,0,0,0,0,0,0,0
1.09174,0,0,0,1638.4,0,0,0,0,384.50390625,0,0,-384.50390625,3.99609375,0,0,-3.99609375,0,0,0,0,0,0,0,0,0,0,0,0
1.09616,0,0,0,1638.4,0,0,0,0,384.50390625,0,0,-384.50390625,3.99609375,0,0,-3.99609375,0,0,0,0,0,0,0,0,0,0,0,0
1.10058,0,0,0,1638.4,0,0,0,0,384.50390625,0,0,-384.50390625,3.99609375,0,0,-3.99609375,0,0,0,0,0,0,0,0,0,0,0,0
1.105,0,0,0,1638.4,0,0,0,0,384.50390625,0,0,-384.50390625,3.99609375,0,0,-3.99609375,0,0,0,0,0,0,0,0,0,0,0,0
1.10942,0,0,0,1638.4,0,0,0,0,384.50390625,0,0,-384.50390625,3.99609375,0,0,-3.99609375,0,0,0,0,0,0,0,0,0,0,0,0
1.11384,0,0,0,1638.4,0,0,0,0,384.50390625,0,0,-384.50390625,3.99609375,0,0,-3.99609375,0,0,0,0,0,0,0,0,0,0,0,0
1.11826,0,0,0,1638.4,0,0,0,0,384.50390625,0,0,-384.50390625,3.99609375,0,0,-3.99609375,0,0,0,0,0,0,0,0,0,0,0,0
1.12268,0,0,0,1638.4,0,0,0,0,384.50390625,0,0,-384.50390625,3.99609375,0,0,-3.99609375,0,0,0,0,0,0,0,0,0,0,0,0
1.1271,0,0,0,1638.4,0,0,0,0,384.50390625,0,0,-384.50390625,3.99609375,0,0,-3.99609375,0,0,0,0,0,0,0,0,0,0,0,0
1.13152,0,0,0,1638.4,0,0,0,0,384.50390625,0,0,-384.50390625,3.99609375,0,0,-3.99609375,0,0,0,0,0,0,0,0,0,0,0,0
1.13594,0,0,0,1638.4,0,0,0,0,384.50390625,0,0,-384.50390625,3.99609375,0,0,-3.99609375,0,0,0,0,0,0,0,0,0,0,0,0
1.14036,0,0,0,1638.4,0,0,0,0,384.50390625,0,0,-384.50390625,3.99609375,0,0,-3.99609375,0,0,0,0,0,0,0,0,0,0,0,0
1.14478,0,0,0,1638.4,0,0,0,0,384.50390625,0,0,-384.50390625,3.99609375,0,0,-3.99609375,0,0,0,0,0,0,0,0,0,0,0,0
1.1492,0,0,0,1638.4,0,0,0,0,384.50390625,0,0,-384.50390625,3.99609375,0,0,-3.99609375,0,0,0,0,0,0,0,0,0,0,0,0
1.15362,0,0,0,1638.4,0,0,0,0,384.50390625,0,0,-384.50390625,3.99609375,0,0,-3.99609375,0,0,0,0,0,0,0,0,0,0,0,0
1.15804,0,0,0,1638.4,0,0,0,0,384.50390625,0,0,-384.50390625,3.99609375,0,0,-3.99609375,0,0,0,0,0,0,0,0,0,0,0,0
1.16246,0,0,0,1638.4,0,0,0,0,384.50390625,0,0,-384.50390625,3.99609375,0,0,-3.99609375,0,0,0,0,0,0,0,0,0,0,0,0
1.16688,0,0,0,1638.4,0,0,0,0,384.50390625,0,0,-384.50390625,3.99609375,0,0,-3.99609375,0,0,0,0,0,0,0,0,0,0,0,0
1.1713,0,0,0,1638.4,0,0,0,0,384.50390625,0,0,-384.50390625,3.99609375,0,0,-3.99609375,0,0,0,0,0,0,0,0,0,0,0,0
1.17572,0,0,0,1638.4,0,0,0,0,384.50390625,0,0,-384.50390625,3.99609375,0,0,-3.99609375,0,0,0,0,0,0,0,0,0,0,0,0
1.18014,0,0,0,1638.4,0,0,0,0,384.50390625,0,0,-384.50390625,3.99609375,0,0,-3.99609375,0,0,0,0,0,0,0,0,0,0,0,0
1.18456,0,0,0,1638.4,0,0,0,0,384.50390625,0,0,-384.50390625,3.99609375,0,0,-3.99609375,0,0,0,0,0,0,0,0,0,0,0,0
1.18898,0,0,0,1638.4,0,0,0,0,384.50390625,0,0,-384.50390625,3.99609375,0,0,-3.99609375,0,0,0,0,0,0,0,0,0,0,0,0
1.1934,0,0,0,1638.4,0,0,0,0,384.50390625,0,0,-384.50390625,3.99609375,0,0,-3.99609375,0,0,0,0,0,0,0,0,0,0,0,0
1.19782,0,0,0,1638.4,0,0,0,0,384.50390625,0,0,-384.50390625,3.99609375,0,0,-3.99609375,0,0,0,0,0,0,0,0,0,0,0,0
1.20224,0,0,0,1638.4,0,0,0,0,384.50390625,0,0,-384.50390625,3.99609375,0,0,-3.99609375,0,0,0,0,0,0,0,0,0,0,0,0
1.20666,0,0,0,1638.4,0,0,0,0,384.50390625,0,0,-384.50390625,3.99609375,0,0,-3.99609375,0,0,0,0,0,0,0,0,0,0,0,0
1.21108,0,0,0,1638.4,0,0,0,0,384.50390625,0,0,-384.50390625,3.99609375,0,0,-3.99609375,0,0,0,0,0,0,0,0,0,0,0,0
1.2155,0,0,0,1638.4,0,0,0,0,384.50390625,0,0,-384.50390625,3.99609375,0,0,-3.99609375,0,0,0,0,0,0,0,0,0,0,0,0
1.21992,0,0,0,1638.4,0,0,0,0,384.50390625,0,0,-384.50390625,3.99609375,0,0,-3.99609375,0,0,0,0,0,0,0,0,0,0,0,0
1.22434,0,0,0,1638.4,0,0,0,0,384.50390625,0,0,-384.50390625,3.99609375,0,0,-3.99609375,0,0,0,0,0,0,0,0,0,0,0,0
1.22876,0,0,0,1638.4,0,0,0,0,384.50390625,0,0,-384.50390625,3.99609375,0,0,-3.99609375,0,0,0,0,0,0,0,0,0,0,0,0
1.23318,0,0,0,1638.4,0,0,0,0,384.50390625,0,0,-384.50390625,3.99609375,0,0,-3.99609375,0,0,0,0,0,0,0,0,0,0,0,0
1.2376,0,0,0,1638.4,0,0,0,0,384.50390625,0,0,-384.50390625,3.99609375,0,0,-3.99609375,0,0,0,0,0,0,0,0,0,0,0,0
1.24202,0,0,0,1638.4,0,0,0,0,384.50390625,0,0,-384.50390625,3.99609375,0,0,-3.99609375,0,0,0,0,0,0,0,0,0,0,0,0
1.24644,0,0,0,1638.4,0,0,0,0,384.50390625,0,0,-384.50390625,3.99609375,0,0,-3.99609375,0,0,0,0,0,0,0,0,0,0,0,0
1.25086,0,0,0,1638.4,0,0,0,0,384.50390625,0,0,-384.50390625,3.99609375,0,0,-3.99609375,0,0,0,0,0,0,0,0,0,0,0,0
1.25528,0,0,0,1638.4,0,0,0,0,384.50390625,0,0,-384.50390625,3.99609375,0,0,-3.99609375,0,0,0,0,0,0,0,0,0,0,0,0
1.2597,0,0,0,1638.4,0,0,0,0,384.50390625,0,0,-384.50390625,3.99609375,0,0,-3.99609375,0,0,0,0,0,0,0,0,0,0,0,0
1.26412,0,0,0,1638.4,0,0,0,0,384.50390625,0,0,-384.50390625,3.99609375,0,0,-3.99609375,0,0,0,0,0,0,0,0,0,0,0,0
1.26854,0,0,0,1638.4,0,0,0,0,384.50390625,0,0,-384.50390625,3.99609375,0,0,-3.99609375,0,0,0,0,0,0,0,0,0,0,0,0
1.27296,0,0,0,1638.4,0,0,0,0,384.50390625,0,0,-384.50390625,3.99609375,0,0,-3.99609375,0,0,0,0,0,0,0,0,0,0,0,0
1.27738,0,0,0,1638.4,0,0,0,0,384.50390625,0,0,-384.50390625,3.99609375,0,0,-3.99609375,0,0,0,0,0,0,0,0,0,0,0,0
1.2818,0,0,0,1638.4,0,0,0,0,384.50390625,0,0,-384.50390625,3.99609375,0,0,-3.99609375,0,0,0,0,0,0,0,0,0,0,0,0
1.28622,0,0,0,1638.4,0,0,0,0,384.50390625,0,0,-384.50390625,3.99609375,0,0,-3.99609375,0,0,0,0,0,0,0,0,0,0,0,0
1.29064,0,0,0,1638.4,0,0,0,0,384.50390625,0,0,-384.50390625,3.99609375,0,0,-3.99609375,0,0,0,0,0,0,0,0,0,0,0,0
1.29506,0,0,0,1638.4,0,0,0,0,384.50390625,0,0,-384.50390625,3.99609375,0,0,-3.99609375,0,0,0,0,0,0,0,0,0,0,0,0
1.29948,0,0,0,1638.4,0,0,0,0,384.50390625,0,0,-384.50390625,3.99609375,0,0,-3.99609375,0,0,0,0,0,0,0,0,0,0,0,0
1.3039,0,0,0,1638.4,0,0,0,0,384.50390625,0,0,-384.50390625,3.99609375,0,0,-3.99609375,0,0,0,0,0,0,0,0,0,0,0,0
1.30832,0,0,0,1638.4,0,0,0,0,384.50390625,0,0,-384.50390625,3.99609375,0,0,-3.99609375,0,0,0,0,0,0,0,0,0,0,0,0
1.31274,0,0,0,1638.4,0,0,0,0,384.50390625,0,0,-384.50390625,3.99609375,0,0,-3.99609375,0,0,0,0,0,0,0,0,0,0,0,0
1.31716,0,0,0,1638.4,0,0,0,0,384.50390625,0,0,-384.50390625,3.99609375,0,0,-3.99609375,0,0,0,0,0,0,0,0,0,0,0,0
1.32158,0,0,0,1638.4,0,0,0,0,384.50390625,0,0,-384.50390625,3.99609375,0,0,-3.99609375,0,0,0,0,0,0,0,0,0,0,0,0
1.326,0,0,0,1638.4,0,0,0,0,384.50390625,0,0,-384.50390625,3.99609375,0,0,-3.99609375,0,0,0,0,0,0,0,0,0,0,0,0
1.33042,0,0,0,1638.4,0,0,0,0,384.50390625,0,0,-384.50390625,3.99609375,0,0,-3.99609375,0,0,0,0,0,0,0,0,0,0,0,0
1.33484,0,0,0,1638.4,0,0,0,0,384.50390625,0,0,-384.50390625,3.99609375,0,0,-3.99609375,0,0,0,0,0,0,0,0,0,0,0,0
1.33926,0,0,0,1638.4,0,0,0,0,384.50390625,0,0,-384.50390625,3.99609375,0,0,-3.99609375,0,0,0,0,0,0,0,0,0,0,0,0
1.34368,0,0,0,1638.4,0,0,0,0,384.50390625,0,0,-384.50390625,3.99609375,0,0,-3.99609375,0,0,0,0,0,0,0,0,0,0,0,0
1.3481,0,0,0,1638.4,0,0,0,0,384.50390625,0,0,-384.50390625,3.99609375,0,0,-3.99609375,0,0,0,0,0,0,0,0,0,0,0,0
1.35252,0,0,0,1638.4,0,0,0,0,384.50390625,0,0,-384.50390625,3.99609375,0,0,-3.99609375,0,0,0,0,0,0,0,0,0,0,0,0
1.35694,0,0,0,1638.4,0,0,0,0,384.50390625,0,0,-384.50390625,3.99609375,0,0,-3.99609375,0,0,0,0,0,0,0,0,0,0,0,0
1.36136,0,0,0,1638.4,0,0,0,0,384.50390625,0,0,-384.50390625,3.99609375,0,0,-3.99609375,0,0,0,0,0,0,0,0,0,0,0,0
1.36578,0,0,0,1638.4,0,0,0,0,384.50390625,0,0,-384.50390625,3.99609375,0,0,-3.99609375,0,0,0,0,0,0,0,0,0,0,0,0
1.3702,0,0,0,1638.4,0,0,0,0,384.50390625,0,0,-384.50390625,3.99609375,0,0,-3.99609375,0,0,0,0,0,0,0,0,0,0,0,0
1.37462,0,0,0,1638.4,0,0,0,0,384.50390625,0,0,-384.50390625,3.99609375,0,0,-3.99609375,0,0,0,0,0,0,0,0,0,0,0,0
1.37904,0,0,0,1638.4,0,0,0,0,384.50390625,0,0,-384.50390625,3.99609375,0,0,-3.99609375,0,0,0,0,0,0,0,0,0,0,0,0
1.38346,0,0,0,1638.4,0,0,0,0,384.50390625,0,0,-384.50390625,3.99609375,0,0,-3.99609375,0,0,0,0,0,0,0,0,0,0,0,0
1.38788,0,0,0,1638.4,0,0,0,0,384.50390625,0,0,-384.50390625,3.99609375,0,0,-3.99609375,0,0,0,0,0,0,0,0,0,0,0,0
1.3923,0,0,0,1638.4,0,0,0,0,384.50390625,0,0,-384.50390625,3.99609375,0,0,-3.99609375,0,0,0,0,0,0,0,0,0,0,0,0
1.39672,0,0,0,1638.4,0,0,0,0,384.50390625,0,0,-384.50390625,3.99609375,0,0,-3.99609375,0,0,0,0,0,0,0,0,0,0,0,0
1.40114,0,0,0,1638.4,0,0,0,0,384.50390625,0,0,-384.50390625,3.99609375,0,0,-3.99609375,0,0,0,0,0,0,0,0,0,0,0,0
1.40556,0,0,0,1638.4,0,0,0,0,384.50390625,0,0,-384.50390625,3.99609375,0,0,-3.99609375,0,0,0,0,0,0,0,0,0,0,0,0
1.40998,0,0,0,1638.4,0,0,0,0,384.50390625,0,0,-384.50390625,3.99609375,0,0,-3.99609375,0,0,0,0,0,0,0,0,0,0,0,0
1.4144,0,0,0,1638.4,0,0,0,0,384.50390625,0,0,-384.50390625,3.99609375,0,0,-3.99609375,0,0,0,0,0,0,0,0,0,0,0,0
1.41882,0,0,0,1638.4,0,0,0,0,384.50390625,0,0,-384.50390625,3.99609375,0,0,-3.99609375,0,0,0,0,0,0,0,0,0,0,0,0
1.42324,0,0,0,1638.4,0,0,0,0,384.50390625,0,0,-384.50390625,3.99609375,0,0,-3.99609375,0,0,0,0,0,0,0,0,0,0,0,0
1.42766,0,0,0,1638.4,0,0,0,0,384.50390625,0,0,-384.50390625,3.99609375,0,0,-3.99609375,0,0,0,0,0,0,0,0,0,0,0,0
1.43208,0,0,0,1638.4,0,0,0,0,384.50390625,0,0,-384.50390625,3.99609375,0,0,-3.99609375,0,0,0,0,0,0,0,0,0,0,0,0
1.4365,0,0,0,1638.4,0,0,0,0,384.50390625,0,0,-384.50390625,3.99609375,0,0,-3.99609375,0,0,0,0,0,0,0,0,0,0,0,0
1.44092,0,0,0,1638.4,0,0,0,0,384.50390625,0,0,-384.50390625,3.99609375,0,0,-3.99609375,0,0,0,0,0,0,0,0,0,0,0,0
1.44534,0,0,0,1638.4,0,0,0,0,384.50390625,0,0,-384.50390625,3.99609375,0,0,-3.99609375,0,0,0,0,0,0,0,0,0,0,0,0
1.44976,0,0,0,1638.4,0,0,0,0,384.50390625,0,0,-384.50390625,3.99609375,0,0,-3.99609375,0,0,0,0,0,0,0,0,0,0,0,0
1.45418,0,0,0,1638.4,0,0,0,0,384.50390625,0,0,-384.50390625,3.99609375,0,0,-3.99609375,0,0,0,0,0,0,0,0,0,0,0,0
1.4586,0,0,0,1638.4,0,0,0,0,384.50390625,0,0,-384.50390625,3.99609375,0,0,-3.99609375,0,0,0,0,0,0,0,0,0,0,0,0
1.46302,0,0,0,1638.4,0,0,0,0,384.50390625,0,0,-384.50390625,3.99609375,0,0,-3.99609375,0,0,0,0,0,0,0,0,0,0,0,0
1.46744,0,0,0,1638.4,0,0,0,0,384.50390625,0,0,-384.50390625,3.99609375,0,0,-3.99609375,0,0,0,0,0,0,0,0,0,0,0,0
1.47186,0,0,0,1638.4,0,0,0,0,384.50390625,0,0,-384.50390625,3.99609375,0,0,-3.99609375,0,0,0,0,0,0,0,0,0,0,0,0
1.47628,0,0,0,1638.4,0,0,0,0,384.50390625,0,0,-384.50390625,3.99609375,0,0,-3.99609375,0,0,0,0,0,0,0,0,0,0,0,0
1.4807,0,0,0,1638.4,0,0,0,0,384.50390625,0,0,-384.50390625,3.99609375,0,0,-3.99609375,0,0,0,0,0,0,0,0,0,0,0,0
1.48512,0,0,0,1638.4,0,0,0,0,384.50390625,0,0,-384.50390625,3.99609375,0,0,-3.99609375,0,0,0,0,0,0,0,0,0,0,0,0
1.48954,0,0,0,1638.4,0,0,0,0,384.50390625,0,0,-384.50390625,3.99609375,0,0,-3.99609375,0,0,0,0,0,0,0,0,0,0,0,0
1.49396,0,0,0,1638.4,0,0,0,0,384.50390625,0,0,-384.50390625,3.99609375,0,0,-3.99609375,0,0,0,0,0,0,0,0,0,0,0,0
1.49838,0,0,0,1638.4,0,0,0,0,384.50390625,0,0,-384.50390625,3.99609375,0,0,-3.99609375,0,0,0,0,0,0,0,0,0,0,0,0
1.5028,0,0,0,1638.4,0,0,0,0,384.50390625,0,0,-384.50390625,3.99609375,0,0,-3.99609375,0,0,0,0,0,0,0,0,0,0,0,0
1.50722,0,0,0,1638.4,0,0,0,0,384.50390625,0,0,-384.50390625,3.99609375,0,0,-3.99609375,0,0,0,0,0,0,0,0,0,0,0,0
1.51164,0,0,0,1638.4,0,0,0,0,384.50390625,0,0,-384.50390625,3.99609375,0,0,-3.99609375,0,0,0,0,0,0,0,0,0,0,0,0
1.51606,0,0,0,1638.4,0,0,0,0,384.50390625,0,0,-384.50390625,3.99609375,0,0,-3.99609375,0,0,0,0,0,0,0,0,0,0,0,0
1.52048,0,0,0,1638.4,0,0,0,0,384.50390625,0,0,-384.50390625,3.99609375,0,0,-3.99609375,0,0,0,0,0,0,0,0,0,0,0,0
1.5249,0,0,0,1638.4,0,0,0,0,384.50390625,0,0,-384.50390625,3.99609375,0,0,-3.99609375,0,0,0,0,0,0,0,0,0,0,0,0
1.52932,0,0,0,1638.4,0,0,0,0,384.50390625,0,0,-384.50390625,3.99609375,0,0,-3.99609375,0,0,0,0,0,0,0,0,0,0,0,0
1.53374,0,0,0,1638.4,0,0,0,0,384.50390625,0,0,-384.50390625,3.99609375,0,0,-3.99609375,0,0,0,0,0,0,0,0,0,0,0,0
1.53816,0,0,0,1638.4,0,0,0,0,384.50390625,0,0,-384.50390625,3.99609375,0,0,-3.99609375,0,0,0,0,0,0,0,0,0,0,0,0
1.54258,0,0,0,1638.4,0,0,0,0,384.50390625,0,0,-384.50390625,3.99609375,0,0,-3.99609375,0,0,0,0,0,0,0,0,0,0,0,0
1.547,0,0,0,1638.4,0,0,0,0,384.50390625,0,0,-384.50390625,3.99609375,0,0,-3.99609375,0,0,0,0,0,0,0,0,0,0,0,0
1.55142,0,0,0,1638.4,0,0,0,0,384.50390625,0,0,-384.50390625,3.99609375,0,0,-3.99609375,0,0,0,0,0,0,0,0,0,0,0,0
1.55584,0,0,0,1638.4,0,0,0,0,384.50390625,0,0,-384.50390625,3.99609375,0,0,-3.99609375,0,0,0,0,0,0,0,0,0,0,0,0
1.56026,0,0,0,1638.4,0,0,0,0,384.50390625,0,0,-384.50390625,3.99609375,0,0,-3.99609375,0,0,0,0,0,0,0,0,0,0,0,0
1.56468,0,0,0,1638.4,0,0,0,0,384.50390625,0,0,-384.50390625,3.99609375,0,0,-3.99609375,0,0,0,0,0,0,0,0,0,0,0,0
1.5691,0,0,0,1638.4,0,0,0,0,384.50390625,0,0,-384.50390625,3.99609375,0,0,-3.99609375,0,0,0,0,0,0,0,0,0,0,0,0
1.57352,0,0,0,1638.4,0,0,0,0,384.50390625,0,0,-384.50390625,3.99609375,0,0,-3.99609375,0,0,0,0,0,0,0,0,0,0,0,0
1.57794,0,0,0,1638.4,0,0,0,0,384.50390625,0,0,-384.50390625,3.99609375,0,0,-3.99609375,0,0,0,0,0,0,0,0,0,0,0,0
1.58236,0,0,0,1638.4,0,0,0,0,384.50390625,0,0,-384.50390625,3.99609375,0,0,-3.99609375,0,0,0,0,0,0,0,0,0,0,0,0
1.58678,0,0,0,1638.4,0,0,0,0,384.50390625,0,0,-384.50390625,3.99609375,0,0,-3.99609375,0,0,0,0,0,0,0,0,0,0,0,0
1.5912,0,0,0,1638.4,0,0,0,0,384.50390625,0,0,-384.50390625,3.99609375,0,0,-3.99609375,0,0,0,0,0,0,0,0,0,0,0,0
1.59562,0,0,0,1638.4,0,0,0,0,384.50390625,0,0,-384.50390625,3.99609375,0,0,-3.99609375,0,0,0,0,0,0,0,0,0,0,0,0
1.60004,0,0,0,1638.4,0,0,0,0,384.50390625,0,0,-384.50390625,3.99609375,0,0,-3.99609375,0,0,0,0,0,0,0,0,0,0,0,0
1.60446,0,0,0,1638.4,0,0,0,0,384.50390625,0,0,-384.50390625,3.99609375,0,0,-3.99609375,0,0,0,0,0,0,0,0,0,0,0,0
1.60888,0,0,0,1638.4,0,0,0,0,384.50390625,0,0,-384.50390625,3.99609375,0,0,-3.99609375,0,0,0,0,0,0,0,0,0,0,0,0
1.6133,0,0,0,1638.4,0,0,0,0,384.50390625,0,0,-384.50390625,3.99609375,0,0,-3.99609375,0,0,0,0,0,0,0,0,0,0,0,0
1.61772,0,0,0,1638.4,0,0,0,0,384.50390625,0,0,-384.50390625,3.99609375,0,0,-3.99609375,0,0,0,0,0,0,0,0,0,0,0,0
1.62214,0,0,0,1638.4,0,0,0,0,384.50390625,0,0,-384.50390625,3.99609375,0,0,-3.99609375,0,0,0,0,0,0,0,0,0,0,0,0
1.62656,0,0,0,1638.4,0,0,0,0,384.50390625,0,0,-384.50390625,3.99609375,0,0,-3.99609375,0,0,0,0,0,0,0,0,0,0,0,0
1.63098,0,0,0,1638.4,0,0,0,0,384.50390625,0,0,-384.50390625,3.99609375,0,0,-3.99609375,0,0,0,0,0,0,0,0,0,0,0,0
1.6354,0,0,0,1638.4,0,0,0,0,384.50390625,0,0,-384.50390625,3.99609375,0,0,-3.99609375,0,0,0,0,0,0,0,0,0,0,0,0
1.63982,0,0,0,1638.4,0,0,0,0,384.50390625,0,0,-384.50390625,3.99609375,0,0,-3.99609375,0,0,0,0,0,0,0,0,0,0,0,0
1.64424,0,0,0,1638.4,0,0,0,0,384.50390625,0,0,-384.50390625,3.99609375,0,0,-3.99609375,0,0,0,0,0,0,0,0,0,0,0,0
1.64866,0,0,0,1638.4,0,0,0,0,384.50390625,0,0,-384.50390625,3.99609375,0,0,-3.99609375,0,0,0,0,0,0,0,0,0,0,0,0
1.65308,0,0,0,1638.4,0,0,0,0,384.50390625,0,0,-384.50390625,3.99609375,0,0,-3.99609375,0,0,0,0,0,0,0,0,0,0,0,0
1.6575,0,0,0,1638.4,0,0,0,0,384.50390625,0,0,-384.50390625,3.99609375,0,0,-3.99609375,0,0,0,0,0,0,0,0,0,0,0,0
1.66192,0,0,0,1638.4,0,0,0,0,384.50390625,0,0,-384.50390625,3.99609375,0,0,-3.99609375,0,0,0,0,0,0,0,0,0,0,0,0
1.66634,0,0,0,1638.4,0,0,0,0,384.50390625,0,0,-384.50390625,3.99609375,0,0,-3.99609375,0,0,0,0,0,0,0,0,0,0,0,0
1.67076,0,0,0,1638.4,0,0,0,0,384.50390625,0,0,-384.50390625,3.99609375,0,0,-3.99609375,0,0,0,0,0,0,0,0,0,0,0,0
1.67518,0,0,0,1638.4,0,0,0,0,384.50390625,0,0,-384.50390625,3.99609375,0,0,-3.99609375,0,0,0,0,0,0,0,0,0,0,0,0
1.6796,0,0,0,1638.4,0,0,0,0,384.50390625,0,0,-384.50390625,3.99609375,0,0,-3.99609375,0,0,0,0,0,0,0,0,0,0,0,0
1.68402,0,0,0,1638.4,0,0,0,0,384.50390625,0,0,-384.50390625,3.99609375,0,0,-3.99609375,0,0,0,0,0,0,0,0,0,0,0,0
1.68844,0,0,0,1638.4,0,0,0,0,384.50390625,0,0,-384.50390625,3.99609375,0,0,-3.99609375,0,0,0,0,0,0,0,0,0,0,0,0
1.69286,0,0,0,1638.4,0,0,0,0,384.50390625,0,0,-384.50390625,3.99609375,0,0,-3.99609375,0,0,0,0,0,0,0,0,0,0,0,0
1.69728,0,0,0,1638.4,0,0,0,0,384.50390625,0,0,-384.50390625,3.99609375,0,0,-3.99609375,0,0,0,0,0,0,0,0,0,0,0,0
1.7017,0,0,0,1638.4,0,0,0,0,384.50390625,0,0,-384.50390625,3.99609375,0,0,-3.99609375,0,0,0,0,0,0,0,0,0,0,0,0
1.70612,0,0,0,1638.4,0,0,0,0,384.50390625,0,0,-384.50390625,3.99609375,0,0,-3.99609375,0,0,0,0,0,0,0,0,0,0,0,0
1.71054,0,0,0,1638.4,0,0,0,0,384.50390625,0,0,-384.50390625,3.99609375,0,0,-3.99609375,0,0,0,0,0,0,0,0,0,0,0,0
1.71496,0,0,0,1638.4,0,0,0,0,384.50390625,0,0,-384.50390625,3.99609375,0,0,-3.99609375,0,0,0,0,0,0,0,0,0,0,0,0
1.71938,0,0,0,1638.4,0,0,0,0,384.50390625,0,0,-384.50390625,3.99609375,0,0,-3.99609375,0,0,0,0,0,0,0,0,0,0,0,0
1.7238,0,0,0,1638.4,0,0,0,0,384.50390625,0,0,-384.50390625,3.99609375,0,0,-3.99609375,0,0,0,0,0,0,0,0,0,0,0,0
1.72822,0,0,0,1638.4,0,0,0,0,384.50390625,0,0,-384.50390625,3.99609375,0,0,-3.99609375,0,0,0,0,0,0,0,0,0,0,0,0
1.73264,0,0,0,1638.4,0,0,0,0,384.50390625,0,0,-384.50390625,3.99609375,0,0,-3.99609375,0,0,0,0,0,0,0,0,0,0,0,0
1.73706,0,0,0,1638.4,0,0,0,0,384.50390625,0,0,-384.50390625,3.99609375,0,0,-3.99609375,0,0,0,0,0,0,0,0,0,0,0,0
1.74148,0,0,0,1638.4,0,0,0,0,384.50390625,0,0,-384.50390625,3.99609375,0,0,-3.99609375,0,0,0,0,0,0,0,0,0,0,0,0
1.7459,0,0,0,1638.4,0,0,0,0,384.50390625,0,0,-384.50390625,3.99609375,0,0,-3.99609375,0,0,0,0,0,0,0,0,0,0,0,0
1.75032,0,0,0,1638.4,0,0,0,0,384.50390625,0,0,-384.50390625,3.99609375,0,0,-3.99609375,0,0,0,0,0,0,0,0,0,0,0,0
1.75474,0,0,0,1638.4,0,0,0,0,384.50390625,0,0,-384.50390625,3.99609375,0,0,-3.99609375,0,0,0,0,0,0,0,0,0,0,0,0
1.75916,0,0,0,1638.4,0,0,0,0,384.50390625,0,0,-384.50390625,3.99609375,0,0,-3.99609375,0,0,0,0,0,0,0,0,0,0,0,0
1.76358,0,0,0,1638.4,0,0,0,0,384.50390625,0,0,-384.50390625,3.99609375,0,0,-3.99609375,0,0,0,0,0,0,0,0,0,0,0,0
1.768,0,0,0,1638.4,0,0,0,0,384.50390625,0,0,-384.50390625,3.99609375,0,0,-3.99609375,0,0,0,0,0,0,0,0,0,0,0,0
1.77242,0,0,0,1638.4,0,0,0,0,384.50390625,0,0,-384.50390625,3.99609375,0,0,-3.99609375,0,0,0,0,0,0,0,0,0,0,0,0
1.77684,0,0,0,1638.4,0,0,0,0,384.50390625,0,0,-384.50390625,3.99609375,0,0,-3.99609375,0,0,0,0,0,0,0,0,0,0,0,0
1.78126,0,0,0,1638.4,0,0,0,0,384.50390625,0,0,-384.50390625,3.99609375,0,0,-3.99609375,0,0,0,0,0,0,0,0,0,0,0,0
1.78568,0,0,0,1638.4,0,0,0,0,384.50390625,0,0,-384.50390625,3.99609375,0,0,-3.99609375,0,0,0,0,0,0,0,0,0,0,0,0
1.7901,0,0,0,1638.4,0,0,0,0,384.50390625,0,0,-384.50390625,3.99609375,0,0,-3.99609375,0,0,0,0,0,0,0,0,0,0,0,0
1.79452,0,0,0,1638.4,0,0,0,0,384.50390625,0,0,-384.50390625,3.99609375,0,0,-3.99609375,0,0,0,0,0,0,0,0,0,0,0,0
1.79894,0,0,0,1638.4,0,0,0,0,384.50390625,0,0,-384.50390625,3.99609375,0,0,-3.99609375,0,0,0,0,0,0,0,0,0,0,0,0
1.80336,0,0,0,1638.4,0,0,0,0,384.50390625,0,0,-384.50390625,3.99609375,0,0,-3.99609375,0,0,0,0,0,0,0,0,0,0,0,0
1.80778,0,0,0,1638.4,0,0,0,0,384.50390625,0,0,-384.50390625,3.99609375,0,0,-3.99609375,0,0,0,0,0,0,0,0,0,0,0,0
1.8122,0,0,0,1638.4,0,0,0,0,384.50390625,0,0,-384.50390625,3.99609375,0,0,-3.99609375,0,0,0,0,0,0,0,0,0,0,0,0
1.81662,0,0,0,1638.4,0,0,0,0,384.50390625,0,0,-384.50390625,3.99609375,0,0,-3.99609375,0,0,0,0,0,0,0,0,0,0,0,0
1.82104,0,0,0,1638.4,0,0,0,0,384.50390625,0,0,-384.50390625,3.99609375,0,0,-3.99609375,0,0,0,0,0,0,0,0,0,0,0,0
1.82546,0,0,0,1638.4,0,0,0,0,384.50390625,0,0,-384.50390625,3.99609375,0,0,-3.99609375,0,0,0,0,0,0,0,0,0,0,0,0
1.82988,0,0,0,1638.4,0,0,0,0,384.50390625,0,0,-384.50390625,3.99609375,0,0,-3.99609375,0,0,0,0,0,0,0,0,0,0,0,0
1.8343,0,0,0,1638.4,0,0,0,0,384.50390625,0,0,-384.50390625,3.99609375,0,0,-3.99609375,0,0,0,0,0,0,0,0,0,0,0,0
1.83872,0,0,0,1638.4,0,0,0,0,384.50390625,0,0,-384.50390625,3.99609375,0,0,-3.99609375,0,0,0,0,0,0,0,0,0,0,0,0
1.84314,0,0,0,1638.4,0,0,0,0,384.50390625,0,0,-384.50390625,3.99609375,0,0,-3.99609375,0,0,0,0,0,0,0,0,0,0,0,0
1.84756,0,0,0,1638.4,0,0,0,0,384.50390625,0,0,-384.50390625,3.99609375,0,0,-3.99609375,0,0,0,0,0,0,0,0,0,0,0,0
1.85198,0,0,0,1638.4,0,0,0,0,384.50390625,0,0,-384.50390625,3.99609375,0,0,-3.99609375,0,0,0,0,0,0,0,0,0,0,0,0
1.8564,0,0,0,1638.4,0,0,0,0,384.50390625,0,0,-384.50390625,3.99609375,0,0,-3.99609375,0,0,0,0,0,0,0,0,0,0,0,0
1.86082,0,0,0,1638.4,0,0,0,0,384.50390625,0,0,-384.50390625,3.99609375,0,0,-3.99609375,0,0,0,0,0,0,0,0,0,0,0,0
1.86524,0,0,0,1638.4,0,0,0,0,384.50390625,0,0,-384.50390625,3.99609375,0,0,-3.99609375,0,0,0,0,0,0,0,0,0,0,0,0
1.86966,0,0,0,1638.4,0,0,0,0,384.50390625,0,0,-384.50390625,3.99609375,0,0,-3.99609375,0,0,0,0,0,0,0,0,0,0,0,0
1.87408,0,0,0,1638.4,0,0,0,0,384.50390625,0,0,-384.50390625,3.99609375,0,0,-3.99609375,0,0,0,0,0,0,0,0,0,0,0,0
1.8785,0,0,0,1638.4,0,0,0,0,384.50390625,0,0,-384.50390625,3.99609375,0,0,-3.99609375,0,0,0,0,0,0,0,0,0,0,0,0
1.88292,0,0,0,1638.4,0,0,0,0,384.50390625,0,0,-384.50390625,3.99609375,0,0,-3.99609375,0,0,0,0,0,0,0,0,0,0,0,0
1.88734,0,0,0,1638.4,0,0,0,0,384.50390625,0,0,-384.50390625,3.99609375,0,0,-3.99609375,0,0,0,0,0,0,0,0,0,0,0,0
1.89176,0,0,0,1638.4,0,0,0,0,384.50390625,0,0,-384.50390625,3.99609375,0,0,-3.99609375,0,0,0,0,0,0,0,0,0,0,0,0
1.89618,0,0,0,1638.4,0,0,0,0,384.50390625,0,0,-384.50390625,3.99609375,0,0,-3.99609375,0,0,0,0,0,0,0,0,0,0,0,0
1.9006,0,0,0,1638.4,0,0,0,0,384.50390625,0,0,-384.50390625,3.99609375,0,0,-3.99609375,0,0,0,0,0,0,0,0,0,0,0,0
1.90502,0,0,0,1638.4,0,0,0,0,384.50390625,0,0,-384.50390625,3.99609375,0,0,-3.99609375,0,0,0,0,0,0,0,0,0,0,0,0
1.90944,0,0,0,1638.4,0,0,0,0,384.50390625,0,0,-384.50390625,3.99609375,0,0,-3.99609375,0,0,0,0,0,0,0,0,0,0,0,0
1.91386,0,0,0,1638.4,0,0,0,0,384.50390625,0,0,-384.50390625,3.99609375,0,0,-3.99609375,0,0,0,0,0,0,0,0,0,0,0,0
1.91828,0,0,0,1638.4,0,0,0,0,384.50390625,0,0,-384.50390625,3.99609375,0,0,-3.99609375,0,0,0,0,0,0,0,0,0,0,0,0
1.9227,0,0,0,1638.4,0,0,0,0,384.50390625,0,0,-384.50390625,3.99609375,0,0,-3.99609375,0,0,0,0,0,0,0,0,0,0,0,0
1.92712,0,0,0,1638.4,0,0,0,0,384.50390625,0,0,-384.50390625,3.99609375,0,0,-3.99609375,0,0,0,0,0,0,0,0,0,0,0,0
1.93154,0,0,0,1638.4,0,0,0,0,384.50390625,0,0,-384.50390625,3.99609375,0,0,-3.99609375,0,0,0,0,0,0,0,0,0,0,0,0
1.93596,0,0,0,1638.4,0,0,0,0,384.50390625,0,0,-384.50390625,3.99609375,0,0,-3.99609375,0,0,0,0,0,0,0,0,0,0,0,0
1.94038,0,0,0,1638.4,0,0,0,0,384.50390625,0,0,-384.50390625,3.99609375,0,0,-3.99609375,0,0,0,0,0,0,0,0,0,0,0,0
1.9448,0,0,0,1638.4,0,0,0,0,384.50390625,0,0,-384.50390625,3.99609375,0,0,-3.99609375,0,0,0,0,0,0,0,0,0,0,0,0
1.94922,0,0,0,1638.4,0,0,0,0,384.50390625,0,0,-384.50390625,3.99609375,0,0,-3.99609375,0,0,0,0,0,0,0,0,0,0,0,0
1.95364,0,0,0,1638.4,0,0,0,0,384.50390625,0,0,-384.50390625,3.99609375,0,0,-3.99609375,0,0,0,0,0,0,0,0,0,0,0,0
1.95806,0,0,0,1638.4,0,0,0,0,384.50390625,0,0,-384.50390625,3.99609375,0,0,-3.99609375,0,0,0,0,0,0,0,0,0,0,0,0
1.96248,0,0,0,1638.4,0,0,0,0,384.50390625,0,0,-384.50390625,3.99609375,0,0,-3.99609375,0,0,0,0,0,0,0,0,0,0,0,0
1.9669,0,0,0,1638.4,0,0,0,0,384.50390625,0,0,-384.50390625,3.99609375,0,0,-3.99609375,0,0,0,0,0,0,0,0,0,0,0,0
1.97132,0,0,0,1638.4,0,0,0,0,384.50390625,0,0,-384.50390625,3.99609375,0,0,-3.99609375,0,0,0,0,0,0,0,0,0,0,0,0
1.97574,0,0,0,1638.4,0,0,0,0,384.50390625,0,0,-384.50390625,3.99609375,0,0,-3.99609375,0,0,0,0,0,0,0,0,0,0,0,0
1.98016,0,0,0,1638.4,0,0,0,0,384.50390625,0,0,-384.50390625,3.99609375,0,0,-3.99609375,0,0,0,0,0,0,0,0,0,0,0,0
1.98458,0,0,0,1638.4,0,0,0,0,384.50390625,0,0,-384.50390625,3.99609375,0,0,-3.99609375,0,0,0,0,0,0,0,0,0,0,0,0
1.989,0,0,0,1638.4,0,0,0,0,384.50390625,0,0,-384.50390625,3.99609375,0,0,-3.99609375,0,0,0,0,0,0,0,0,0,0,0,0
1.99342,0,0,0,1638.4,0,0,0,0,384.50390625,0,0,-384.50390625,3.99609375,0,0,-3.99609375,0,0,0,0,0,0,0,0,0,0,0,0
1.99784,0,0,0,1638.4,0,0,0,0,384.50390625,0,0,-384.50390625,3.99609375,0,0,-3.99609375,0,0,0,0,0,0,0,0,0,0,0,0
2.00226,0,0,0,1638.4,0,0,0,0,384.50390625,0,0,-384.50390625,3.99609375,0,0,-3.99609375,0,0,0,0,0,0,0,0,0,0,0,0
2.00668,0,0,0,0,0,0,0,0,382.0234375,-561.192024886878,-126966.521467619,-382.0234375,3.99609375,0,0,-3.99609375,0,0,0,0,0,0,0,0,0,0,0,0
2.0111,0,0,0,0,0,0,0,0,369.37109375,-2862.52121040724,-520662.71165619,-369.37109375,3.99609375,0,0,-3.99609375,0,0,0,0,0,0,0,0,0,0,0,0
2.01552,0,0,0,0,0,0,0,0,348.2890625,-4769.6903280543,-431486.225712004,-348.2890625,3.99609375,0,0,-3.99609375,0,0,0,0,0,0,0,0,0,0,0,0
2.01994,0,0,0,0,0,0,0,0,320.03125,-6393.17024886878,-367303.149505538,-320.03125,3.99609375,0,0,-3.99609375,0,0,0,0,0,0,0,0,0,0,0,0
2.02436,0,0,0,0,0,0,0,0,284.34765625,-8073.21125565611,-380099.775291251,-284.34765625,3.99609375,0,0,-3.99609375,0,0,0,0,0,0,0,0,0,0,0,0
2.02878,0,0,0,0,0,0,0,0,243.3671875,-9271.59926470588,-271128.50883479,-243.3671875,3.99609375,0,0,-3.99609375,0,0,0,0,0,0,0,0,0,0,0,0
2.0332,0,0,0,0,0,0,0,0,196.85546875,-10523.0132918552,-283125.345508896,-196.85546875,3.99609375,0,0,-3.99609375,0,0,0,0,0,0,0,0,0,0,0,0
2.03762,0,0,0,0,0,0,0,0,146.53515625,-11384.6860859728,-194948.595954219,-146.53515625,3.99609375,0,0,-3.99609375,0,0,0,0,0,0,0,0,0,0,0,0
2.04204,0,0,0,0,0,0,0,0,92.7109375,-12177.4250565611,-179352.708277881,-92.7109375,3.99609375,0,0,-3.99609375,0,0,0,0,0,0,0,0,0,0,0,0
2.04646,0,0,0,0,0,0,0,0,37.234375,-12551.2584841629,-84577.6985524458,-37.234375,3.99609375,0,0,-3.99609375,0,0,0,0,0,0,0,0,0,0,0,0
2.05088,0,0,0,0,0,0,0,0,-18.3046875,-12565.3987556561,-3199.15644642803,18.3046875,3.99609375,0,0,-3.99609375,0,0,0,0,0,0,0,0,0,0,0,0
2.0553,0,0,0,0,0,0,0,0,-72.33203125,-12223.380938914,77379.5965479823,72.33203125,2.5,-338.482748868778,-76579.8074363752,-2.5,0,0,0,0,0,0,0,0,0,0,0,0
2.05972,0,0,0,0,0,0,0,0,-123.25,-11519.9024321267,159158.033209803,123.25,2.5,0,76579.8074363752,-2.5,0,0,0,0,0,0,0,0,0,0,0,0
2.06414,0,0,0,0,0,0,0,0,-169.671875,-10502.6866515837,230139.316864929,169.671875,2.5,0,0,-2.5,0,0,0,0,0,0,0,0,0,0,0,0
2.06856,0,0,0,0,0,0,0,0,-210.75,-9293.69343891403,273527.876169612,210.75,1.63671875,-195.3125,-44188.3484162896,-1.63671875,0,0,0,0,0,0,0,0,0,0,0,0
2.07298,0,0,0,0,0,0,0,0,-245.3359375,-7824.87273755656,332312.37587273,245.3359375,1.23828125,-90.1442307692308,23793.7260703098,-1.23828125,0,0,0,0,0,0,0,0,0,0,0,0
2.0774,0,0,0,0,0,0,0,0,-273.34375,-6336.60916289593,336711.215986568,273.34375,1,-53.9097850678733,8197.83839397228,-1,0,0,0,0,0,0,0,0,0,0,0,0
2.08182,0,0,0,0,0,0,0,0,-293.22265625,-4497.49010180995,416090.285313569,293.22265625,0.83984375,-36.2344457013575,3998.94555803526,-0.83984375,0,0,0,0,0,0,0,0,0,0,0,0
2.08624,0,0,0,0,0,0,0,0,-305.453125,-2767.07437782805,391496.770131652,305.453125,0.546875,-66.2825226244344,-6798.20744865993,-0.546875,0,0,0,0,0,0,0,0,0,0,0,0
2.09066,0,0,0,0,0,0,0,0,-308.99609375,-801.576640271493,444682.746053521,308.99609375,0.25,-67.1662895927602,-199.947277901765,-0.25,0,0,0,0,0,0,0,0,0,0,0,0
2.09508,0,0,0,0,0,0,0,0,-305.44921875,802.460407239819,362904.3093917,305.44921875,0,-56.5610859728507,2399.36733482115,0,0,0,0,0,0,0,0,0,0,0,0,0
2.0995,0,0,0,0,0,0,0,0,-292.4375,2943.82777149321,484472.254355971,292.4375,0,0,12796.6257857128,0,0,0,0,0,0,0,0,0,0,0,0,0
2.10392,0,0,0,0,0,0,0,0,-272.3828125,4537.25961538462,360504.942056878,272.3828125,0,0,0,0,0,0,0,0,0,0,0,0,0,0,0,0
2.10834,0,0,0,0,0,0,0,0,-245.7265625,6030.8257918552,337910.899653979,245.7265625,0,0,0,0,0,0,0,0,0,0,0,0,0,0,0,0
2.11276,0,0,0,0,0,0,0,0,-213.44921875,7302.56645927602,287724.132900637,213.44921875,0,0,0,0,0,0,0,0,0,0,0,0,0,0,0,0
2.11718,0,0,0,0,0,0,0,0,-176.4765625,8364.85435520362,240336.628037919,176.4765625,0,0,0,0,0,0,0,0,0,0,0,0,0,0,0,0
2.1216,0,0,0,0,0,0,0,0,-135.66015625,9234.4810520362,196748.121455335,135.66015625,0,0,0,0,0,0,0,0,0,0,0,0,0,0,0,0
2.12602,0,0,0,0,0,0,0,0,-92.3671875,9794.78930995475,126766.574189718,92.3671875,0,0,0,0,0,0,0,0,0,0,0,0,0,0,0,0
2.13044,0,0,0,0,0,0,0,0,-47.27734375,10201.3221153846,91975.7478348109,47.27734375,0,0,0,0,0,0,0,0,0,0,0,0,0,0,0,0
2.13486,0,0,0,0,0,0,0,0,-1.78515625,10292.3501131222,20594.5696238814,1.78515625,0,0,0,0,0,0,0,0,0,0,0,0,0,0,0,0
2.13928,0,0,0,0,0,0,0,0,42.9296875,10116.4804864253,-39789.5083024508,-42.9296875,0,0,0,0,0,0,0,0,0,0,0,0,0,0,0,0
2.1437,0,0,0,0,0,0,0,0,85.765625,9691.38857466063,-96174.640670748,-85.765625,0,0,0,0,0,0,0,0,0,0,0,0,0,0,0,0
2.14812,0,0,0,0,0,0,0,0,125.50390625,8990.56136877828,-158558.191376098,-125.50390625,0,0,0,0,0,0,0,0,0,0,0,0,0,0,0,0
2.15254,0,0,0,0,0,0,0,0,161.36328125,8112.98076923077,-198547.646956451,-161.36328125,0,0,0,0,0,0,0,0,0,0,0,0,0,0,0,0
2.15696,0,0,0,0,0,0,0,0,191.65234375,6852.72907239819,-285124.818287914,-191.65234375,0,0,0,0,0,0,0,0,0,0,0,0,0,0,0,0
2.16138,0,0,0,0,0,0,0,0,216.3359375,5584.52347285068,-286924.34378903,-216.3359375,0,0,0,0,0,0,0,0,0,0,0,0,0,0,0,0
2.1658,0,0,0,0,0,0,0,0,234.63671875,4140.44824660633,-326713.852091481,-234.63671875,0,0,0,0,0,0,0,0,0,0,0,0,0,0,0,0
2.17022,0,0,0,0,0,0,0,0,246,2570.87811085973,-355106.365553531,-246,0,0,0,0,0,0,0,0,0,0,0,0,0,0,0,0
2.17464,0,0,0,0,0,0,0,0,250.640625,1049.91515837104,-344109.265268934,-250.640625,0,0,0,0,0,0,0,0,0,0,0,0,0,0,0,0
2.17906,0,0,0,0,0,0,0,0,249.50390625,-257.176187782805,-295722.024016707,-249.50390625,0,0,0,0,0,0,0,0,0,0,0,0,0,0,0,0
2.18348,0,0,0,0,0,0,0,0,240.1953125,-2106.01668552036,-418289.705370488,-240.1953125,0,0,0,0,0,0,0,0,0,0,0,0,0,0,0,0
2.1879,0,0,0,0,0,0,0,0,225.30078125,-3369.80345022624,-285924.607399521,-225.30078125,0,0,0,0,0,0,0,0,0,0,0,0,0,0,0,0
2.19232,0,0,0,0,0,0,0,0,205.921875,-4384.36792986425,-229539.475031224,-205.921875,0,0,0,0,0,0,0,0,0,0,0,0,0,0,0,0
2.19674,0,0,0,0,0,0,0,0,181.4453125,-5537.68382352941,-260931.197661801,-181.4453125,0,0,0,0,0,0,0,0,0,0,0,0,0,0,0,0
2.20116,0,0,0,0,0,0,0,0,153.00390625,-6434.70729638009,-202946.487070289,-153.00390625,0,0,0,0,0,0,0,0,0,0,0,0,0,0,0,0
2.20558,0,0,0,0,0,0,0,0,121.4609375,-7136.41826923077,-158758.138654,-121.4609375,0,0,0,0,0,0,0,0,0,0,0,0,0,0,0,0
2.21,0,0,0,0,0,0,0,0,87.59765625,-7661.37584841629,-118768.683073647,-87.59765625,0,0,0,0,0,0,0,0,0,0,0,0,0,0,0,0
2.21442,0,0,0,0,0,0,0,0,52.3984375,-7963.62415158371,-68381.9690424029,-52.3984375,0,0,0,0,0,0,0,0,0,0,0,0,0,0,0,0
2.21884,0,0,0,0,0,0,0,0,16.58984375,-8101.49179864253,-31191.775352675,-16.58984375,0,0,0,0,0,0,0,0,0,0,0,0,0,0,0,0
2.22326,0,0,0,0,0,0,0,0,-18.5546875,-7951.25141402715,33991.0372432997,18.5546875,0,0,0,0,0,0,0,0,0,0,0,0,0,0,0,0
2.22768,0,0,0,0,0,0,0,0,-52.43359375,-7664.91091628959,64782.9180401712,52.43359375,0,0,0,0,0,0,0,0,0,0,0,0,0,0,0,0
2.2321,0,0,0,0,0,0,0,0,-84.32421875,-7215.07352941176,101773.164451997,84.32421875,0,0,0,0,0,0,0,0,0,0,0,0,0,0,0,0
2.23652,0,0,0,0,0,0,0,0,-113.22265625,-6538.10803167421,153159.61487275,113.22265625,0,0,0,0,0,0,0,0,0,0,0,0,0,0,0,0
2.24094,0,0,0,0,0,0,0,0,-138.29296875,-5672.01640271493,195948.332343727,138.29296875,0,0,0,0,0,0,0,0,0,0,0,0,0,0,0,0
2.24536,0,0,0,0,0,0,0,0,-159.16015625,-4721.08314479638,215143.271022297,159.16015625,0,0,0,0,0,0,0,0,0,0,0,0,0,0,0,0
2.24978,0,0,0,0,0,0,0,0,-175.109375,-3608.42053167421,251733.62287832,175.109375,0,0,0,0,0,0,0,0,0,0,0,0,0,0,0,0
2.2542,0,0,0,0,0,0,0,0,-185.83984375,-2427.70786199095,267129.563276755,185.83984375,0,0,0,0,0,0,0,0,0,0,0,0,0,0,0,0
2.25862,0,0,0,0,0,0,0,0,-190.99609375,-1166.57239819005,285324.765565816,190.99609375,0,0,0,0,0,0,0,0,0,0,0,0,0,0,0,0
2.26304,0,0,0,0,0,0,0,0,-191.99609375,-226.244343891403,212743.903687476,191.99609375,0,0,0,0,0,0,0,0,0,0,0,0,0,0,0,0
2.26746,0,0,0,0,0,0,0,0,-186.5234375,1238.15752262443,331312.639483221,186.5234375,0,0,0,0,0,0,0,0,0,0,0,0,0,0,0,0
2.27188,0,0,0,0,0,0,0,0,-176.34375,2303.09671945701,240936.469871624,176.34375,0,0,0,0,0,0,0,0,0,0,0,0,0,0,0,0
2.2763,0,0,0,0,0,0,0,0,-162.2734375,3183.3286199095,199147.488790156,162.2734375,0,0,0,0,0,0,0,0,0,0,0,0,0,0,0,0
2.28072,0,0,0,0,0,0,0,0,-144.546875,4010.53450226244,187150.65211605,144.546875,0,0,0,0,0,0,0,0,0,0,0,0,0,0,0,0
2.28514,0,0,0,0,0,0,0,0,-123.35546875,4794.43580316742,177353.235498864,123.35546875,0,0,0,0,0,0,0,0,0,0,0,0,0,0,0,0
2.28956,0,0,0,0,0,0,0,0,-99.75,5340.60378959276,123567.41774329,99.75,0,0,0,0,0,0,0,0,0,0,0,0,0,0,0,0
2.29398,0,0,0,0,0,0,0,0,-74.078125,5808.1165158371,105772.110010033,74.078125,0,0,0,0,0,0,0,0,0,0,0,0,0,0,0,0
2.2984,0,0,0,0,0,0,0,0,-46.9609375,6135.11029411765,73980.4928236522,46.9609375,0,0,0,0,0,0,0,0,0,0,0,0,0,0,0,0
2.30282,0,0,0,0,0,0,0,0,-19.83984375,6135.99406108597,199.947277901649,19.83984375,0,0,0,0,0,0,0,0,0,0,0,0,0,0,0,0
2.30724,0,0,0,0,0,0,0,0,7.0703125,6088.27064479638,-10797.1530066952,-7.0703125,0,0,0,0,0,0,0,0,0,0,0,0,0,0,0,0
2.31166,0,0,0,0,0,0,0,0,33.33984375,5943.33286199095,-32791.353575889,-33.33984375,0,0,0,0,0,0,0,0,0,0,0,0,0,0,0,0
2.31608,0,0,0,0,0,0,0,0,57.765625,5526.19485294118,-94375.1151696322,-57.765625,0,0,0,0,0,0,0,0,0,0,0,0,0,0,0,0
2.3205,0,0,0,0,0,0,0,0,79.48046875,4912.86057692308,-138763.410863823,-79.48046875,0,0,0,0,0,0,0,0,0,0,0,0,0,0,0,0
2.32492,0,0,0,0,0,0,0,0,98.8125,4373.76272624434,-121967.839520075,-98.8125,0,0,0,0,0,0,0,0,0,0,0,0,0,0,0,0
2.32934,0,0,0,0,0,0,0,0,114.8046875,3618.14196832579,-170954.922606007,-114.8046875,0,0,0,0,0,0,0,0,0,0,0,0,0,0,0,0
2.33376,0,0,0,0,0,0,0,0,127,2759.12047511312,-194348.754120514,-127,0,0,0,0,0,0,0,0,0,0,0,0,0,0,0,0
2.33818,0,0,0,0,0,0,0,0,135.01953125,1814.37358597285,-213743.640076984,-135.01953125,0,0,0,0,0,0,0,0,0,0,0,0,0,0,0,0
2.3426,0,0,0,0,0,0,0,0,139,900.558540723982,-206745.485350423,-139,0,0,0,0,0,0,0,0,0,0,0,0,0,0,0,0
2.34702,0,0,0,0,0,0,0,0,140,226.244343891403,-152559.773039045,-140,0,0,0,0,0,0,0,0,0,0,0,0,0,0,0,0
2.35144,0,0,0,0,0,0,0,0,135.79296875,-951.817024886878,-266529.72144305,-135.79296875,0,0,0,0,0,0,0,0,0,0,0,0,0,0,0,0
2.35586,0,0,0,0,0,0,0,0,127.984375,-1766.65016968326,-184351.390225425,-127.984375,0,0,0,0,0,0,0,0,0,0,0,0,0,0,0,0
2.36028,0,0,0,0,0,0,0,0,117.75390625,-2314.58569004525,-123967.312299093,-117.75390625,0,0,0,0,0,0,0,0,0,0,0,0,0,0,0,0
2.3647,0,0,0,0,0,0,0,0,105.16796875,-2847.4971719457,-120568.208574763,-105.16796875,0,0,0,0,0,0,0,0,0,0,0,0,0,0,0,0
2.36912,0,0,0,0,0,0,0,0,90.78125,-3254.91374434389,-92175.6951127127,-90.78125,0,0,0,0,0,0,0,0,0,0,0,0,0,0,0,0
2.37354,0,0,0,0,0,0,0,0,74.69140625,-3640.23614253394,-87177.0131651686,-74.69140625,0,0,0,0,0,0,0,0,0,0,0,0,0,0,0,0
2.37796,0,0,0,0,0,0,0,0,56.95703125,-4012.30203619909,-84177.8039966422,-56.95703125,0,0,0,0,0,0,0,0,0,0,0,0,0,0,0,0
2.38238,0,0,0,0,0,0,0,0,38.75390625,-4118.35407239819,-23993.6733482115,-38.75390625,0,0,0,0,0,0,0,0,0,0,0,0,0,0,0,0
2.3868,0,0,0,0,0,0,0,0,20.19140625,-4199.66063348416,-18395.1495669622,-20.19140625,0,0,0,0,0,0,0,0,0,0,0,0,0,0,0,0
2.39122,0,0,0,0,0,0,0,0,2.21484375,-4067.09558823529,29992.0916852645,-2.21484375,0,0,0,0,0,0,0,0,0,0,0,0,0,0,0,0
2.39564,0,0,0,0,0,0,0,0,-15.5234375,-4013.18580316742,12196.7839520075,15.5234375,0,0,0,0,0,0,0,0,0,0,0,0,0,0,0,0
2.40006,0,0,0,0,0,0,0,0,-31.8984375,-3704.75113122172,69781.5999877152,31.8984375,0,0,0,0,0,0,0,0,0,0,0,0,0,0,0,0
2.40448,0,0,0,0,0,0,0,0,-46.890625,-3391.89762443439,70781.3363772241,46.890625,0,0,0,0,0,0,0,0,0,0,0,0,0,0,0,0
2.4089,0,0,0,0,0,0,0,0,-59.8046875,-2921.73359728507,106371.951843738,59.8046875,0,0,0,0,0,0,0,0,0,0,0,0,0,0,0,0
2.41332,0,0,0,0,0,0,0,0,-70.734375,-2472.77997737557,101573.217174096,70.734375,0,0,0,0,0,0,0,0,0,0,0,0,0,0,0,0
2.41774,0,0,0,0,0,0,0,0,-78.99609375,-1869.16713800905,136563.990806904,78.99609375,0,0,0,0,0,0,0,0,0,0,0,0,0,0,0,0
2.42216,0,0,0,0,0,0,0,0,-84.4140625,-1225.78478506787,145561.618312483,84.4140625,0,0,0,0,0,0,0,0,0,0,0,0,0,0,0,0
2.42658,0,0,0,0,0,0,0,0,-87.26171875,-644.266119909502,131565.30885936,87.26171875,0,0,0,0,0,0,0,0,0,0,0,0,0,0,0,0
2.431,0,0,0,0,0,0,0,0,-87.99609375,-166.148190045249,108171.477344854,87.99609375,0,0,0,0,0,0,0,0,0,0,0,0,0,0,0,0
2.43542,0,0,0,0,0,0,0,0,-85.8828125,478.117929864253,145761.565590385,85.8828125,0,0,0,0,0,0,0,0,0,0,0,0,0,0,0,0
2.43984,0,0,0,0,0,0,0,0,-80.9609375,1113.5463800905,143762.092811367,80.9609375,0,0,0,0,0,0,0,0,0,0,0,0,0,0,0,0
2.44426,0,0,0,0,0,0,0,0,-74.3046875,1505.93891402715,88776.5913883827,74.3046875,0,0,0,0,0,0,0,0,0,0,0,0,0,0,0,0
2.44868,0,0,0,0,0,0,0,0,-66.3046875,1809.95475113122,68781.8635982064,66.3046875,0,0,0,0,0,0,0,0,0,0,0,0,0,0,0,0
2.4531,0,0,0,0,0,0,0,0,-56.92578125,2121.92449095023,70581.3890993223,56.92578125,0,0,0,0,0,0,0,0,0,0,0,0,0,0,0,0
2.45752,0,0,0,0,0,0,0,0,-46.30859375,2402.0786199095,63383.2870948587,46.30859375,0,0,0,0,0,0,0,0,0,0,0,0,0,0,0,0
2.46194,0,0,0,0,0,0,0,0,-35.56640625,2430.35916289593,6398.31289285648,35.56640625,0,0,0,0,0,0,0,0,0,0,0,0,0,0,0,0
2.46636,0,0,0,0,0,0,0,0,-24.2890625,2551.43523755656,27392.7770725415,24.2890625,0,0,0,0,0,0,0,0,0,0,0,0,0,0,0,0
2.47078,0,0,0,0,0,0,0,0,-12.984375,2557.62160633484,1399.63094531237,12.984375,0,0,0,0,0,0,0,0,0,0,0,0,0,0,0,0
2.4752,0,0,0,0,0,0,0,0,-2.125,2456.8721719457,-22793.989680801,2.125,0,0,0,0,0,0,0,0,0,0,0,0,0,0,0,0
2.47962,0,0,0,0,0,0,0,0,8.0703125,2306.63178733032,-33991.0372432997,-8.0703125,0,0,0,0,0,0,0,0,0,0,0,0,0,0,0,0
2.48404,0,0,0,0,0,0,0,0,17.64453125,2166.11283936652,-31791.6171863802,-17.64453125,0,0,0,0,0,0,0,0,0,0,0,0,0,0,0,0
2.48846,0,0,0,0,0,0,0,0,25.7734375,1839.11906108597,-73980.4928236523,-25.7734375,0,0,0,0,0,0,0,0,0,0,0,0,0,0,0,0
2.49288,0,0,0,0,0,0,0,0,32.23828125,1462.63433257919,-85177.540386151,-32.23828125,0,0,0,0,0,0,0,0,0,0,0,0,0,0,0,0
2.4973,0,0,0,0,0,0,0,0,37.29296875,1143.59445701357,-72180.9673225364,-37.29296875,0,0,0,0,0,0,0,0,0,0,0,0,0,0,0,0
2.50172,0,0,0,0,0,0,0,0,40.734375,778.598699095023,-82578.2257734281,-40.734375,0,0,0,0,0,0,0,0,0,0,0,0,0,0,0,0
2.50614,0,0,0,0,0,0,0,0,42.24609375,342.017816742081,-98773.9552834708,-42.24609375,0,0,0,0,0,0,0,0,0,0,0,0,0,0,0,0
2.51056,0,0,0,0,0,0,0,0,43,170.567024886878,-38789.771912942,-43,0,0,0,0,0,0,0,0,0,0,0,0,0,0,0,0
2.51498,0,0,0,0,0,0,0,0,41.50390625,-338.482748868778,-115169.632071415,-41.50390625,0,0,0,0,0,0,0,0,0,0,0,0,0,0,0,0
2.5194,0,0,0,0,0,0,0,0,38.6640625,-642.498585972851,-68781.8635982064,-38.6640625,0,0,0,0,0,0,0,0,0,0,0,0,0,0,0,0
2.52382,0,0,0,0,0,0,0,0,35.05859375,-815.716911764706,-39189.6664687455,-35.05859375,0,0,0,0,0,0,0,0,0,0,0,0,0,0,0,0
2.52824,0,0,0,0,0,0,0,0,30.703125,-985.400169683258,-38389.8773571385,-30.703125,0,0,0,0,0,0,0,0,0,0,0,0,0,0,0,0
2.53266,0,0,0,0,0,0,0,0,26.62890625,-921.768947963801,14396.2040089269,-26.62890625,0,0,0,0,0,0,0,0,0,0,0,0,0,0,0,0
2.53708,0,0,0,0,0,0,0,0,22.00390625,-1046.38009049774,-28192.5661841485,-22.00390625,0,0,0,0,0,0,0,0,0,0,0,0,0,0,0,0
2.5415,0,0,0,0,0,0,0,0,17.60546875,-995.121606334842,11596.9421183022,-17.60546875,0,0,0,0,0,0,0,0,0,0,0,0,0,0,0,0
2.54592,0,0,0,0,0,0,0,0,13.5078125,-927.071549773756,15395.9403984357,-13.5078125,0,0,0,0,0,0,0,0,0,0,0,0,0,0,0,0
2.55034,0,0,0,0,0,0,0,0,9.6171875,-880.231900452489,10597.2057287934,-9.6171875,0,0,0,0,0,0,0,0,0,0,0,0,0,0,0,0
2.55476,0,0,0,0,0,0,0,0,6.25,-761.807126696832,26792.9352388362,-6.25,0,0,0,0,0,0,0,0,0,0,0,0,0,0,0,0
2.55918,0,0,0,0,0,0,0,0,3.60546875,-598.310237556561,36990.2464118261,-3.60546875,0,0,0,0,0,0,0,0,0,0,0,0,0,0,0,0
2.5636,0,0,0,0,0,0,0,0,1.0078125,-587.705033936651,2399.36733482115,-1.0078125,0,0,0,0,0,0,0,0,0,0,0,0,0,0,0,0
2.56802,0,0,0,0,0,0,0,0,-0.40625,-319.923642533937,60584.0252042341,0.40625,0,0,0,0,0,0,0,0,0,0,0,0,0,0,0,0
2.57244,0,0,0,0,0,0,0,0,-1.6796875,-288.108031674208,7198.10200446346,1.6796875,0,0,0,0,0,0,0,0,0,0,0,0,0,0,0,0
2.57686,0,0,0,0,0,0,0,0,-1.99609375,-71.5851244343891,48987.0830859319,1.99609375,0,0,0,0,0,0,0,0,0,0,0,0,0,0,0,0
2.58128,0,0,0,0,0,0,0,0,-1.99609375,0,16195.7295100428,1.99609375,0,0,0,0,0,0,0,0,0,0,0,0,0,0,0,0
2.5857,0,0,0,0,0,0,0,0,-1.99609375,0,0,1.99609375,0,0,0,0,0,0,0,0,0,0,0,0,0,0,0,0
2.59012,0,0,0,0,0,0,0,0,-1.99609375,0,0,1.99609375,0,0,0,0,0,0,0,0,0,0,0,0,0,0,0,0
2.59454,0,0,0,0,0,0,0,0,-1.99609375,0,0,1.99609375,0,0,0,0,0,0,0,0,0,0,0,0,0,0,0,0
2.59896,0,0,0,0,0,0,0,0,-1.99609375,0,0,1.99609375,0,0,0,0,0,0,0,0,0,0,0,0,0,0,0,0
2.60338,0,0,0,0,0,0,0,0,-0.49609375,339.366515837104,76779.7547142769,0.49609375,0,0,0,0,0,0,0,0,0,0,0,0,0,0,0,0
2.6078,0,0,0,0,0,0,0,0,0.125,140.518947963801,-44988.1375278966,-0.125,0,0,0,0,0,0,0,0,0,0,0,0,0,0,0,0
2.61222,0,0,0,0,0,0,0,0,0.73828125,138.751414027149,-399.894555803524,-0.73828125,0,0,0,0,0,0,0,0,0,0,0,0,0,0,0,0
2.61664,0,0,0,0,0,0,0,0,1,59.2123868778281,-17995.2550111587,-1,0,0,0,0,0,0,0,0,0,0,0,0,0,0,0,0
2.62106,0,0,0,0,0,0,0,0,1,0,-13396.4676194181,-1,0,0,0,0,0,0,0,0,0,0,0,0,0,0,0,0
2.62548,0,0,0,0,0,0,0,0,1,0,0,-1,0,0,0,0,0,0,0,0,0,0,0,0,0,0,0,0
2.6299,0,0,0,0,0,0,0,0,1,0,0,-1,0,0,0,0,0,0,0,0,0,0,0,0,0,0,0,0
2.63432,0,0,0,0,0,0,0,0,1,0,0,-1,0,0,0,0,0,0,0,0,0,0,0,0,0,0,0,0
2.63874,0,0,0,0,0,0,0,0,1,0,0,-1,0,0,0,0,0,0,0,0,0,0,0,0,0,0,0,0
2.64316,0,0,0,0,0,0,0,0,1,0,0,-1,0,0,0,0,0,0,0,0,0,0,0,0,0,0,0,0
2.64758,0,0,0,0,0,0,0,0,1,0,0,-1,0,0,0,0,0,0,0,0,0,0,0,0,0,0,0,0
2.652,0,0,0,0,0,0,0,0,1,0,0,-1,0,0,0,0,0,0,0,0,0,0,0,0,0,0,0,0
2.65642,0,0,0,0,0,0,0,0,1,0,0,-1,0,0,0,0,0,0,0,0,0,0,0,0,0,0,0,0
2.66084,0,0,0,0,0,0,0,0,1,0,0,-1,0,0,0,0,0,0,0,0,0,0,0,0,0,0,0,0
2.66526,0,0,0,0,0,0,0,0,1,0,0,-1,0,0,0,0,0,0,0,0,0,0,0,0,0,0,0,0
2.66968,0,0,0,0,0,0,0,0,1,0,0,-1,0,0,0,0,0,0,0,0,0,0,0,0,0,0,0,0
2.6741,0,0,0,0,0,0,0,0,1,0,0,-1,0,0,0,0,0,0,0,0,0,0,0,0,0,0,0,0
2.67852,0,0,0,0,0,0,0,0,1,0,0,-1,0,0,0,0,0,0,0,0,0,0,0,0,0,0,0,0
2.68294,0,0,0,0,0,0,0,0,1,0,0,-1,0,0,0,0,0,0,0,0,0,0,0,0,0,0,0,0
2.68736,0,0,0,0,0,0,0,0,1,0,0,-1,0,0,0,0,0,0,0,0,0,0,0,0,0,0,0,0
2.69178,0,0,0,0,0,0,0,0,1,0,0,-1,0,0,0,0,0,0,0,0,0,0,0,0,0,0,0,0
2.6962,0,0,0,0,0,0,0,0,1,0,0,-1,0,0,0,0,0,0,0,0,0,0,0,0,0,0,0,0
2.70062,0,0,0,0,0,0,0,0,1,0,0,-1,0,0,0,0,0,0,0,0,0,0,0,0,0,0,0,0
2.70504,0,0,0,0,0,0,0,0,1,0,0,-1,0,0,0,0,0,0,0,0,0,0,0,0,0,0,0,0
2.70946,0,0,0,0,0,0,0,0,1,0,0,-1,0,0,0,0,0,0,0,0,0,0,0,0,0,0,0,0
2.71388,0,0,0,0,0,0,0,0,1,0,0,-1,0,0,0,0,0,0,0,0,0,0,0,0,0,0,0,0
2.7183,0,0,0,0,0,0,0,0,1,0,0,-1,0,0,0,0,0,0,0,0,0,0,0,0,0,0,0,0
2.72272,0,0,0,0,0,0,0,0,1,0,0,-1,0,0,0,0,0,0,0,0,0,0,0,0,0,0,0,0
2.72714,0,0,0,0,0,0,0,0,1,0,0,-1,0,0,0,0,0,0,0,0,0,0,0,0,0,0,0,0
2.73156,0,0,0,0,0,0,0,0,1,0,0,-1,0,0,0,0,0,0,0,0,0,0,0,0,0,0,0,0
2.73598,0,0,0,0,0,0,0,0,1,0,0,-1,0,0,0,0,0,0,0,0,0,0,0,0,0,0,0,0
2.7404,0,0,0,0,0,0,0,0,1,0,0,-1,0,0,0,0,0,0,0,0,0,0,0,0,0,0,0,0
2.74482,0,0,0,0,0,0,0,0,1,0,0,-1,0,0,0,0,0,0,0,0,0,0,0,0,0,0,0,0
2.74924,0,0,0,0,0,0,0,0,1,0,0,-1,0,0,0,0,0,0,0,0,0,0,0,0,0,0,0,0
2.75366,0,0,0,0,0,0,0,0,1,0,0,-1,0,0,0,0,0,0,0,0,0,0,0,0,0,0,0,0
2.75808,0,0,0,0,0,0,0,0,1,0,0,-1,0,0,0,0,0,0,0,0,0,0,0,0,0,0,0,0
2.7625,0,0,0,0,0,0,0,0,1,0,0,-1,0,0,0,0,0,0,0,0,0,0,0,0,0,0,0,0
2.76692,0,0,0,0,0,0,0,0,1,0,0,-1,0,0,0,0,0,0,0,0,0,0,0,0,0,0,0,0
2.77134,0,0,0,0,0,0,0,0,1,0,0,-1,0,0,0,0,0,0,0,0,0,0,0,0,0,0,0,0
2.77576,0,0,0,0,0,0,0,0,1,0,0,-1,0,0,0,0,0,0,0,0,0,0,0,0,0,0,0,0
2.78018,0,0,0,0,0,0,0,0,1,0,0,-1,0,0,0,0,0,0,0,0,0,0,0,0,0,0,0,0
2.7846,0,0,0,0,0,0,0,0,1,0,0,-1,0,0,0,0,0,0,0,0,0,0,0,0,0,0,0,0
2.78902,0,0,0,0,0,0,0,0,1,0,0,-1,0,0,0,0,0,0,0,0,0,0,0,0,0,0,0,0
2.79344,0,0,0,0,0,0,0,0,1,0,0,-1,0,0,0,0,0,0,0,0,0,0,0,0,0,0,0,0
2.79786,0,0,0,0,0,0,0,0,1,0,0,-1,0,0,0,0,0,0,0,0,0,0,0,0,0,0,0,0
2.80228,0,0,0,0,0,0,0,0,1,0,0,-1,0,0,0,0,0,0,0,0,0,0,0,0,0,0,0,0
2.8067,0,0,0,0,0,0,0,0,1,0,0,-1,0,0,0,0,0,0,0,0,0,0,0,0,0,0,0,0
2.81112,0,0,0,0,0,0,0,0,1,0,0,-1,0,0,0,0,0,0,0,0,0,0,0,0,0,0,0,0
2.81554,0,0,0,0,0,0,0,0,1,0,0,-1,0,0,0,0,0,0,0,0,0,0,0,0,0,0,0,0
2.81996,0,0,0,0,0,0,0,0,1,0,0,-1,0,0,0,0,0,0,0,0,0,0,0,0,0,0,0,0
2.82438,0,0,0,0,0,0,0,0,1,0,0,-1,0,0,0,0,0,0,0,0,0,0,0,0,0,0,0,0
2.8288,0,0,0,0,0,0,0,0,1,0,0,-1,0,0,0,0,0,0,0,0,0,0,0,0,0,0,0,0
2.83322,0,0,0,0,0,0,0,0,1,0,0,-1,0,0,0,0,0,0,0,0,0,0,0,0,0,0,0,0
2.83764,0,0,0,0,0,0,0,0,1,0,0,-1,0,0,0,0,0,0,0,0,0,0,0,0,0,0,0,0
2.84206,0,0,0,0,0,0,0,0,1,0,0,-1,0,0,0,0,0,0,0,0,0,0,0,0,0,0,0,0
2.84648,0,0,0,0,0,0,0,0,1,0,0,-1,0,0,0,0,0,0,0,0,0,0,0,0,0,0,0,0
2.8509,0,0,0,0,0,0,0,0,1,0,0,-1,0,0,0,0,0,0,0,0,0,0,0,0,0,0,0,0
2.85532,0,0,0,0,0,0,0,0,1,0,0,-1,0,0,0,0,0,0,0,0,0,0,0,0,0,0,0,0
2.85974,0,0,0,0,0,0,0,0,1,0,0,-1,0,0,0,0,0,0,0,0,0,0,0,0,0,0,0,0
2.86416,0,0,0,0,0,0,0,0,1,0,0,-1,0,0,0,0,0,0,0,0,0,0,0,0,0,0,0,0
2.86858,0,0,0,0,0,0,0,0,1,0,0,-1,0,0,0,0,0,0,0,0,0,0,0,0,0,0,0,0
2.873,0,0,0,0,0,0,0,0,1,0,0,-1,0,0,0,0,0,0,0,0,0,0,0,0,0,0,0,0
2.87742,0,0,0,0,0,0,0,0,1,0,0,-1,0,0,0,0,0,0,0,0,0,0,0,0,0,0,0,0
2.88184,0,0,0,0,0,0,0,0,1,0,0,-1,0,0,0,0,0,0,0,0,0,0,0,0,0,0,0,0
2.88626,0,0,0,0,0,0,0,0,1,0,0,-1,0,0,0,0,0,0,0,0,0,0,0,0,0,0,0,0
2.89068,0,0,0,0,0,0,0,0,1,0,0,-1,0,0,0,0,0,0,0,0,0,0,0,0,0,0,0,0
2.8951,0,0,0,0,0,0,0,0,1,0,0,-1,0,0,0,0,0,0,0,0,0,0,0,0,0,0,0,0
2.89952,0,0,0,0,0,0,0,0,1,0,0,-1,0,0,0,0,0,0,0,0,0,0,0,0,0,0,0,0
2.90394,0,0,0,0,0,0,0,0,1,0,0,-1,0,0,0,0,0,0,0,0,0,0,0,0,0,0,0,0
2.90836,0,0,0,0,0,0,0,0,1,0,0,-1,0,0,0,0,0,0,0,0,0,0,0,0,0,0,0,0
2.91278,0,0,0,0,0,0,0,0,1,0,0,-1,0,0,0,0,0,0,0,0,0,0,0,0,0,0,0,0
2.9172,0,0,0,0,0,0,0,0,1,0,0,-1,0,0,0,0,0,0,0,0,0,0,0,0,0,0,0,0
2.92162,0,0,0,0,0,0,0,0,1,0,0,-1,0,0,0,0,0,0,0,0,0,0,0,0,0,0,0,0
2.92604,0,0,0,0,0,0,0,0,1,0,0,-1,0,0,0,0,0,0,0,0,0,0,0,0,0,0,0,0
2.93046,0,0,0,0,0,0,0,0,1,0,0,-1,0,0,0,0,0,0,0,0,0,0,0,0,0,0,0,0
2.93488,0,0,0,0,0,0,0,0,1,0,0,-1,0,0,0,0,0,0,0,0,0,0,0,0,0,0,0,0
2.9393,0,0,0,0,0,0,0,0,1,0,0,-1,0,0,0,0,0,0,0,0,0,0,0,0,0,0,0,0
2.94372,0,0,0,0,0,0,0,0,1,0,0,-1,0,0,0,0,0,0,0,0,0,0,0,0,0,0,0,0
2.94814,0,0,0,0,0,0,0,0,1,0,0,-1,0,0,0,0,0,0,0,0,0,0,0,0,0,0,0,0
2.95256,0,0,0,0,0,0,0,0,1,0,0,-1,0,0,0,0,0,0,0,0,0,0,0,0,0,0,0,0
2.95698,0,0,0,0,0,0,0,0,1,0,0,-1,0,0,0,0,0,0,0,0,0,0,0,0,0,0,0,0
2.9614,0,0,0,0,0,0,0,0,1,0,0,-1,0,0,0,0,0,0,0,0,0,0,0,0,0,0,0,0
2.96582,0,0,0,0,0,0,0,0,1,0,0,-1,0,0,0,0,0,0,0,0,0,0,0,0,0,0,0,0
2.97024,0,0,0,0,0,0,0,0,1,0,0,-1,0,0,0,0,0,0,0,0,0,0,0,0,0,0,0,0
2.97466,0,0,0,0,0,0,0,0,1,0,0,-1,0,0,0,0,0,0,0,0,0,0,0,0,0,0,0,0
2.97908,0,0,0,0,0,0,0,0,1,0,0,-1,0,0,0,0,0,0,0,0,0,0,0,0,0,0,0,0
2.9835,0,0,0,0,0,0,0,0,1,0,0,-1,0,0,0,0,0,0,0,0,0,0,0,0,0,0,0,0
2.98792,0,0,0,0,0,0,0,0,1,0,0,-1,0,0,0,0,0,0,0,0,0,0,0,0,0,0,0,0
2.99234,0,0,0,0,0,0,0,0,1,0,0,-1,0,0,0,0,0,0,0,0,0,0,0,0,0,0,0,0
2.99676,0,0,0,0,0,0,0,0,1,0,0,-1,0,0,0,0,0,0,0,0,0,0,0,0,0,0,0,0
3.00118,0,0,0,0,0,0,0,0,1,0,0,-1,0,0,0,0,0,0,0,0,0,0,0,0,0,0,0,0
3.0056,0,0,0,0,0,0,0,0,1,0,0,-1,0,0,0,0,0,0,0,0,0,0,0,0,0,0,0,0
3.01002,0,0,0,0,0,0,0,0,1,0,0,-1,0,0,0,0,0,0,0,0,0,0,0,0,0,0,0,0
3.01444,0,0,0,0,0,0,0,0,1,0,0,-1,0,0,0,0,0,0,0,0,0,0,0,0,0,0,0,0
3.01886,0,0,0,0,0,0,0,0,1,0,0,-1,0,0,0,0,0,0,0,0,0,0,0,0,0,0,0,0
3.02328,0,0,0,0,0,0,0,0,1,0,0,-1,0,0,0,0,0,0,0,0,0,0,0,0,0,0,0,0
3.0277,0,0,0,0,0,0,0,0,1,0,0,-1,0,0,0,0,0,0,0,0,0,0,0,0,0,0,0,0
3.03212,0,0,0,0,0,0,0,0,1,0,0,-1,0,0,0,0,0,0,0,0,0,0,0,0,0,0,0,0
3.03654,0,0,0,0,0,0,0,0,1,0,0,-1,0,0,0,0,0,0,0,0,0,0,0,0,0,0,0,0
3.04096,0,0,0,0,0,0,0,0,1,0,0,-1,0,0,0,0,0,0,0,0,0,0,0,0,0,0,0,0
3.04538,0,0,0,0,0,0,0,0,1,0,0,-1,0,0,0,0,0,0,0,0,0,0,0,0,0,0,0,0
3.0498,0,0,0,0,0,0,0,0,1,0,0,-1,0,0,0,0,0,0,0,0,0,0,0,0,0,0,0,0
3.05422,0,0,0,0,0,0,0,0,1,0,0,-1,0,0,0,0,0,0,0,0,0,0,0,0,0,0,0,0
3.05864,0,0,0,0,0,0,0,0,1,0,0,-1,0,0,0,0,0,0,0,0,0,0,0,0,0,0,0,0
3.06306,0,0,0,0,0,0,0,0,1,0,0,-1,0,0,0,0,0,0,0,0,0,0,0,0,0,0,0,0
3.06748,0,0,0,0,0,0,0,0,1,0,0,-1,0,0,0,0,0,0,0,0,0,0,0,0,0,0,0,0
3.0719,0,0,0,0,0,0,0,0,1,0,0,-1,0,0,0,0,0,0,0,0,0,0,0,0,0,0,0,0
3.07632,0,0,0,0,0,0,0,0,1,0,0,-1,0,0,0,0,0,0,0,0,0,0,0,0,0,0,0,0
3.08074,0,0,0,0,0,0,0,0,1,0,0,-1,0,0,0,0,0,0,0,0,0,0,0,0,0,0,0,0
3.08516,0,0,0,0,0,0,0,0,1,0,0,-1,0,0,0,0,0,0,0,0,0,0,0,0,0,0,0,0
3.08958,0,0,0,0,0,0,0,0,1,0,0,-1,0,0,0,0,0,0,0,0,0,0,0,0,0,0,0,0
3.094,0,0,0,0,0,0,0,0,1,0,0,-1,0,0,0,0,0,0,0,0,0,0,0,0,0,0,0,0
3.09842,0,0,0,0,0,0,0,0,1,0,0,-1,0,0,0,0,0,0,0,0,0,0,0,0,0,0,0,0
3.10284,0,0,0,0,0,0,0,0,1,0,0,-1,0,0,0,0,0,0,0,0,0,0,0,0,0,0,0,0
3.10726,0,0,0,0,0,0,0,0,1,0,0,-1,0,0,0,0,0,0,0,0,0,0,0,0,0,0,0,0
3.11168,0,0,0,0,0,0,0,0,1,0,0,-1,0,0,0,0,0,0,0,0,0,0,0,0,0,0,0,0
3.1161,0,0,0,0,0,0,0,0,1,0,0,-1,0,0,0,0,0,0,0,0,0,0,0,0,0,0,0,0
3.12052,0,0,0,0,0,0,0,0,1,0,0,-1,0,0,0,0,0,0,0,0,0,0,0,0,0,0,0,0
3.12494,0,0,0,0,0,0,0,0,1,0,0,-1,0,0,0,0,0,0,0,0,0,0,0,0,0,0,0,0
3.12936,0,0,0,0,0,0,0,0,1,0,0,-1,0,0,0,0,0,0,0,0,0,0,0,0,0,0,0,0
3.13378,0,0,0,0,0,0,0,0,1,0,0,-1,0,0,0,0,0,0,0,0,0,0,0,0,0,0,0,0
3.1382,0,0,0,0,0,0,0,0,1,0,0,-1,0,0,0,0,0,0,0,0,0,0,0,0,0,0,0,0
3.14262,0,0,0,0,0,0,0,0,1,0,0,-1,0,0,0,0,0,0,0,0,0,0,0,0,0,0,0,0
3.14704,0,0,0,0,0,0,0,0,1,0,0,-1,0,0,0,0,0,0,0,0,0,0,0,0,0,0,0,0
3.15146,0,0,0,0,0,0,0,0,1,0,0,-1,0,0,0,0,0,0,0,0,0,0,0,0,0,0,0,0
3.15588,0,0,0,0,0,0,0,0,1,0,0,-1,0,0,0,0,0,0,0,0,0,0,0,0,0,0,0,0
3.1603,0,0,0,0,0,0,0,0,1,0,0,-1,0,0,0,0,0,0,0,0,0,0,0,0,0,0,0,0
3.16472,0,0,0,0,0,0,0,0,1,0,0,-1,0,0,0,0,0,0,0,0,0,0,0,0,0,0,0,0
3.16914,0,0,0,0,0,0,0,0,1,0,0,-1,0,0,0,0,0,0,0,0,0,0,0,0,0,0,0,0
3.17356,0,0,0,0,0,0,0,0,1,0,0,-1,0,0,0,0,0,0,0,0,0,0,0,0,0,0,0,0
3.17798,0,0,0,0,0,0,0,0,1,0,0,-1,0,0,0,0,0,0,0,0,0,0,0,0,0,0,0,0
3.1824,0,0,0,0,0,0,0,0,1,0,0,-1,0,0,0,0,0,0,0,0,0,0,0,0,0,0,0,0
3.18682,0,0,0,0,0,0,0,0,1,0,0,-1,0,0,0,0,0,0,0,0,0,0,0,0,0,0,0,0
3.19124,0,0,0,0,0,0,0,0,1,0,0,-1,0,0,0,0,0,0,0,0,0,0,0,0,0,0,0,0
3.19566,0,0,0,0,0,0,0,0,1,0,0,-1,0,0,0,0,0,0,0,0,0,0,0,0,0,0,0,0
3.20008,0,0,0,0,0,0,0,0,1,0,0,-1,0,0,0,0,0,0,0,0,0,0,0,0,0,0,0,0
3.2045,0,0,0,0,0,0,0,0,1,0,0,-1,0,0,0,0,0,0,0,0,0,0,0,0,0,0,0,0
3.20892,0,0,0,0,0,0,0,0,1,0,0,-1,0,0,0,0,0,0,0,0,0,0,0,0,0,0,0,0
3.21334,0,0,0,0,0,0,0,0,1,0,0,-1,0,0,0,0,0,0,0,0,0,0,0,0,0,0,0,0
3.21776,0,0,0,0,0,0,0,0,1,0,0,-1,0,0,0,0,0,0,0,0,0,0,0,0,0,0,0,0
3.22218,0,0,0,0,0,0,0,0,1,0,0,-1,0,0,0,0,0,0,0,0,0,0,0,0,0,0,0,0
3.2266,0,0,0,0,0,0,0,0,1,0,0,-1,0,0,0,0,0,0,0,0,0,0,0,0,0,0,0,0
3.23102,0,0,0,0,0,0,0,0,1,0,0,-1,0,0,0,0,0,0,0,0,0,0,0,0,0,0,0,0
3.23544,0,0,0,0,0,0,0,0,1,0,0,-1,0,0,0,0,0,0,0,0,0,0,0,0,0,0,0,0
3.23986,0,0,0,0,0,0,0,0,1,0,0,-1,0,0,0,0,0,0,0,0,0,0,0,0,0,0,0,0
3.24428,0,0,0,0,0,0,0,0,1,0,0,-1,0,0,0,0,0,0,0,0,0,0,0,0,0,0,0,0
3.2487,0,0,0,0,0,0,0,0,1,0,0,-1,0,0,0,0,0,0,0,0,0,0,0,0,0,0,0,0
3.25312,0,0,0,0,0,0,0,0,1,0,0,-1,0,0,0,0,0,0,0,0,0,0,0,0,0,0,0,0
3.25754,0,0,0,0,0,0,0,0,1,0,0,-1,0,0,0,0,0,0,0,0,0,0,0,0,0,0,0,0
3.26196,0,0,0,0,0,0,0,0,1,0,0,-1,0,0,0,0,0,0,0,0,0,0,0,0,0,0,0,0
3.26638,0,0,0,0,0,0,0,0,1,0,0,-1,0,0,0,0,0,0,0,0,0,0,0,0,0,0,0,0
3.2708,0,0,0,0,0,0,0,0,1,0,0,-1,0,0,0,0,0,0,0,0,0,0,0,0,0,0,0,0
3.27522,0,0,0,0,0,0,0,0,1,0,0,-1,0,0,0,0,0,0,0,0,0,0,0,0,0,0,0,0
3.27964,0,0,0,0,0,0,0,0,1,0,0,-1,0,0,0,0,0,0,0,0,0,0,0,0,0,0,0,0
3.28406,0,0,0,0,0,0,0,0,1,0,0,-1,0,0,0,0,0,0,0,0,0,0,0,0,0,0,0,0
3.28848,0,0,0,0,0,0,0,0,1,0,0,-1,0,0,0,0,0,0,0,0,0,0,0,0,0,0,0,0
3.2929,0,0,0,0,0,0,0,0,1,0,0,-1,0,0,0,0,0,0,0,0,0,0,0,0,0,0,0,0
3.29732,0,0,0,0,0,0,0,0,1,0,0,-1,0,0,0,0,0,0,0,0,0,0,0,0,0,0,0,0
3.30174,0,0,0,0,0,0,0,0,1,0,0,-1,0,0,0,0,0,0,0,0,0,0,0,0,0,0,0,0
3.30616,0,0,0,0,0,0,0,0,1,0,0,-1,0,0,0,0,0,0,0,0,0,0,0,0,0,0,0,0
3.31058,0,0,0,0,0,0,0,0,1,0,0,-1,0,0,0,0,0,0,0,0,0,0,0,0,0,0,0,0
3.315,0,0,0,0,0,0,0,0,1,0,0,-1,0,0,0,0,0,0,0,0,0,0,0,0,0,0,0,0
3.31942,0,0,0,0,0,0,0,0,1,0,0,-1,0,0,0,0,0,0,0,0,0,0,0,0,0,0,0,0
3.32384,0,0,0,0,0,0,0,0,1,0,0,-1,0,0,0,0,0,0,0,0,0,0,0,0,0,0,0,0
3.32826,0,0,0,0,0,0,0,0,1,0,0,-1,0,0,0,0,0,0,0,0,0,0,0,0,0,0,0,0
3.33268,0,0,0,0,0,0,0,0,1,0,0,-1,0,0,0,0,0,0,0,0,0,0,0,0,0,0,0,0
3.3371,0,0,0,0,0,0,0,0,1,0,0,-1,0,0,0,0,0,0,0,0,0,0,0,0,0,0,0,0
3.34152,0,0,0,0,0,0,0,0,1,0,0,-1,0,0,0,0,0,0,0,0,0,0,0,0,0,0,0,0
3.34594,0,0,0,0,0,0,0,0,1,0,0,-1,0,0,0,0,0,0,0,0,0,0,0,0,0,0,0,0
3.35036,0,0,0,0,0,0,0,0,1,0,0,-1,0,0,0,0,0,0,0,0,0,0,0,0,0,0,0,0
3.35478,0,0,0,0,0,0,0,0,1,0,0,-1,0,0,0,0,0,0,0,0,0,0,0,0,0,0,0,0
3.3592,0,0,0,0,0,0,0,0,1,0,0,-1,0,0,0,0,0,0,0,0,0,0,0,0,0,0,0,0
3.36362,0,0,0,0,0,0,0,0,1,0,0,-1,0,0,0,0,0,0,0,0,0,0,0,0,0,0,0,0
3.36804,0,0,0,0,0,0,0,0,1,0,0,-1,0,0,0,0,0,0,0,0,0,0,0,0,0,0,0,0
3.37246,0,0,0,0,0,0,0,0,1,0,0,-1,0,0,0,0,0,0,0,0,0,0,0,0,0,0,0,0
3.37688,0,0,0,0,0,0,0,0,1,0,0,-1,0,0,0,0,0,0,0,0,0,0,0,0,0,0,0,0
3.3813,0,0,0,0,0,0,0,0,1,0,0,-1,0,0,0,0,0,0,0,0,0,0,0,0,0,0,0,0
3.38572,0,0,0,0,0,0,0,0,1,0,0,-1,0,0,0,0,0,0,0,0,0,0,0,0,0,0,0,0
3.39014,0,0,0,0,0,0,0,0,1,0,0,-1,0,0,0,0,0,0,0,0,0,0,0,0,0,0,0,0
3.39456,0,0,0,0,0,0,0,0,1,0,0,-1,0,0,0,0,0,0,0,0,0,0,0,0,0,0,0,0
3.39898,0,0,0,0,0,0,0,0,1,0,0,-1,0,0,0,0,0,0,0,0,0,0,0,0,0,0,0,0
3.4034,0,0,0,0,0,0,0,0,1,0,0,-1,0,0,0,0,0,0,0,0,0,0,0,0,0,0,0,0
3.40782,0,0,0,0,0,0,0,0,1,0,0,-1,0,0,0,0,0,0,0,0,0,0,0,0,0,0,0,0
3.41224,0,0,0,0,0,0,0,0,1,0,0,-1,0,0,0,0,0,0,0,0,0,0,0,0,0,0,0,0
3.41666,0,0,0,0,0,0,0,0,1,0,0,-1,0,0,0,0,0,0,0,0,0,0,0,0,0,0,0,0
3.42108,0,0,0,0,0,0,0,0,1,0,0,-1,0,0,0,0,0,0,0,0,0,0,0,0,0,0,0,0
3.4255,0,0,0,0,0,0,0,0,1,0,0,-1,0,0,0,0,0,0,0,0,0,0,0,0,0,0,0,0
3.42992,0,0,0,0,0,0,0,0,1,0,0,-1,0,0,0,0,0,0,0,0,0,0,0,0,0,0,0,0
3.43434,0,0,0,0,0,0,0,0,1,0,0,-1,0,0,0,0,0,0,0,0,0,0,0,0,0,0,0,0
3.43876,0,0,0,0,0,0,0,0,1,0,0,-1,0,0,0,0,0,0,0,0,0,0,0,0,0,0,0,0
3.44318,0,0,0,0,0,0,0,0,1,0,0,-1,0,0,0,0,0,0,0,0,0,0,0,0,0,0,0,0
3.4476,0,0,0,0,0,0,0,0,1,0,0,-1,0,0,0,0,0,0,0,0,0,0,0,0,0,0,0,0
3.45202,0,0,0,0,0,0,0,0,1,0,0,-1,0,0,0,0,0,0,0,0,0,0,0,0,0,0,0,0
3.45644,0,0,0,0,0,0,0,0,1,0,0,-1,0,0,0,0,0,0,0,0,0,0,0,0,0,0,0,0
3.46086,0,0,0,0,0,0,0,0,1,0,0,-1,0,0,0,0,0,0,0,0,0,0,0,0,0,0,0,0
3.46528,0,0,0,0,0,0,0,0,1,0,0,-1,0,0,0,0,0,0,0,0,0,0,0,0,0,0,0,0
3.4697,0,0,0,0,0,0,0,0,1,0,0,-1,0,0,0,0,0,0,0,0,0,0,0,0,0,0,0,0
3.47412,0,0,0,0,0,0,0,0,1,0,0,-1,0,0,0,0,0,0,0,0,0,0,0,0,0,0,0,0
3.47854,0,0,0,0,0,0,0,0,1,0,0,-1,0,0,0,0,0,0,0,0,0,0,0,0,0,0,0,0
3.48296,0,0,0,0,0,0,0,0,1,0,0,-1,0,0,0,0,0,0,0,0,0,0,0,0,0,0,0,0
3.48738,0,0,0,0,0,0,0,0,1,0,0,-1,0,0,0,0,0,0,0,0,0,0,0,0,0,0,0,0
3.4918,0,0,0,0,0,0,0,0,1,0,0,-1,0,0,0,0,0,0,0,0,0,0,0,0,0,0,0,0
3.49622,0,0,0,0,0,0,0,0,1,0,0,-1,0,0,0,0,0,0,0,0,0,0,0,0,0,0,0,0
3.50064,0,0,0,0,0,0,0,0,1,0,0,-1,0,0,0,0,0,0,0,0,0,0,0,0,0,0,0,0
3.50506,0,0,0,0,0,0,0,0,1,0,0,-1,0,0,0,0,0,0,0,0,0,0,0,0,0,0,0,0
3.50948,0,0,0,0,0,0,0,0,1,0,0,-1,0,0,0,0,0,0,0,0,0,0,0,0,0,0,0,0
3.5139,0,0,0,0,0,0,0,0,1,0,0,-1,0,0,0,0,0,0,0,0,0,0,0,0,0,0,0,0
3.51832,0,0,0,0,0,0,0,0,1,0,0,-1,0,0,0,0,0,0,0,0,0,0,0,0,0,0,0,0
3.52274,0,0,0,0,0,0,0,0,1,0,0,-1,0,0,0,0,0,0,0,0,0,0,0,0,0,0,0,0
3.52716,0,0,0,0,0,0,0,0,1,0,0,-1,0,0,0,0,0,0,0,0,0,0,0,0,0,0,0,0
3.53158,0,0,0,0,0,0,0,0,1,0,0,-1,0,0,0,0,0,0,0,0,0,0,0,0,0,0,0,0
3.536,0,0,0,0,0,0,0,0,1,0,0,-1,0,0,0,0,0,0,0,0,0,0,0,0,0,0,0,0
3.54042,0,0,0,0,0,0,0,0,1,0,0,-1,0,0,0,0,0,0,0,0,0,0,0,0,0,0,0,0
3.54484,0,0,0,0,0,0,0,0,1,0,0,-1,0,0,0,0,0,0,0,0,0,0,0,0,0,0,0,0
3.54926,0,0,0,0,0,0,0,0,1,0,0,-1,0,0,0,0,0,0,0,0,0,0,0,0,0,0,0,0
3.55368,0,0,0,0,0,0,0,0,1,0,0,-1,0,0,0,0,0,0,0,0,0,0,0,0,0,0,0,0
3.5581,0,0,0,0,0,0,0,0,1,0,0,-1,0,0,0,0,0,0,0,0,0,0,0,0,0,0,0,0
3.56252,0,0,0,0,0,0,0,0,1,0,0,-1,0,0,0,0,0,0,0,0,0,0,0,0,0,0,0,0
3.56694,0,0,0,0,0,0,0,0,1,0,0,-1,0,0,0,0,0,0,0,0,0,0,0,0,0,0,0,0
3.57136,0,0,0,0,0,0,0,0,1,0,0,-1,0,0,0,0,0,0,0,0,0,0,0,0,0,0,0,0
3.57578,0,0,0,0,0,0,0,0,1,0,0,-1,0,0,0,0,0,0,0,0,0,0,0,0,0,0,0,0
3.5802,0,0,0,0,0,0,0,0,1,0,0,-1,0,0,0,0,0,0,0,0,0,0,0,0,0,0,0,0
3.58462,0,0,0,0,0,0,0,0,1,0,0,-1,0,0,0,0,0,0,0,0,0,0,0,0,0,0,0,0
3.58904,0,0,0,0,0,0,0,0,1,0,0,-1,0,0,0,0,0,0,0,0,0,0,0,0,0,0,0,0
3.59346,0,0,0,0,0,0,0,0,1,0,0,-1,0,0,0,0,0,0,0,0,0,0,0,0,0,0,0,0
3.59788,0,0,0,0,0,0,0,0,1,0,0,-1,0,0,0,0,0,0,0,0,0,0,0,0,0,0,0,0
3.6023,0,0,0,0,0,0,0,0,1,0,0,-1,0,0,0,0,0,0,0,0,0,0,0,0,0,0,0,0
3.60672,0,0,0,0,0,0,0,0,1,0,0,-1,0,0,0,0,0,0,0,0,0,0,0,0,0,0,0,0
3.61114,0,0,0,0,0,0,0,0,1,0,0,-1,0,0,0,0,0,0,0,0,0,0,0,0,0,0,0,0
3.61556,0,0,0,0,0,0,0,0,1,0,0,-1,0,0,0,0,0,0,0,0,0,0,0,0,0,0,0,0
3.61998,0,0,0,0,0,0,0,0,1,0,0,-1,0,0,0,0,0,0,0,0,0,0,0,0,0,0,0,0
3.6244,0,0,0,0,0,0,0,0,1,0,0,-1,0,0,0,0,0,0,0,0,0,0,0,0,0,0,0,0
3.62882,0,0,0,0,0,0,0,0,1,0,0,-1,0,0,0,0,0,0,0,0,0,0,0,0,0,0,0,0
3.63324,0,0,0,0,0,0,0,0,1,0,0,-1,0,0,0,0,0,0,0,0,0,0,0,0,0,0,0,0
3.63766,0,0,0,0,0,0,0,0,1,0,0,-1,0,0,0,0,0,0,0,0,0,0,0,0,0,0,0,0
3.64208,0,0,0,0,0,0,0,0,1,0,0,-1,0,0,0,0,0,0,0,0,0,0,0,0,0,0,0,0
3.6465,0,0,0,0,0,0,0,0,1,0,0,-1,0,0,0,0,0,0,0,0,0,0,0,0,0,0,0,0
3.65092,0,0,0,0,0,0,0,0,1,0,0,-1,0,0,0,0,0,0,0,0,0,0,0,0,0,0,0,0
3.65534,0,0,0,0,0,0,0,0,1,0,0,-1,0,0,0,0,0,0,0,0,0,0,0,0,0,0,0,0
3.65976,0,0,0,0,0,0,0,0,1,0,0,-1,0,0,0,0,0,0,0,0,0,0,0,0,0,0,0,0
3.66418,0,0,0,0,0,0,0,0,1,0,0,-1,0,0,0,0,0,0,0,0,0,0,0,0,0,0,0,0
3.6686,0,0,0,0,0,0,0,0,1,0,0,-1,0,0,0,0,0,0,0,0,0,0,0,0,0,0,0,0
3.67302,0,0,0,0,0,0,0,0,1,0,0,-1,0,0,0,0,0,0,0,0,0,0,0,0,0,0,0,0
3.67744,0,0,0,0,0,0,0,0,1,0,0,-1,0,0,0,0,0,0,0,0,0,0,0,0,0,0,0,0
3.68186,0,0,0,0,0,0,0,0,1,0,0,-1,0,0,0,0,0,0,0,0,0,0,0,0,0,0,0,0
3.68628,0,0,0,0,0,0,0,0,1,0,0,-1,0,0,0,0,0,0,0,0,0,0,0,0,0,0,0,0
3.6907,0,0,0,0,0,0,0,0,1,0,0,-1,0,0,0,0,0,0,0,0,0,0,0,0,0,0,0,0
3.69512,0,0,0,0,0,0,0,0,1,0,0,-1,0,0,0,0,0,0,0,0,0,0,0,0,0,0,0,0
3.69954,0,0,0,0,0,0,0,0,1,0,0,-1,0,0,0,0,0,0,0,0,0,0,0,0,0,0,0,0
3.70396,0,0,0,0,0,0,0,0,1,0,0,-1,0,0,0,0,0,0,0,0,0,0,0,0,0,0,0,0
3.70838,0,0,0,0,0,0,0,0,1,0,0,-1,0,0,0,0,0,0,0,0,0,0,0,0,0,0,0,0
3.7128,0,0,0,0,0,0,0,0,1,0,0,-1,0,0,0,0,0,0,0,0,0,0,0,0,0,0,0,0
3.71722,0,0,0,0,0,0,0,0,1,0,0,-1,0,0,0,0,0,0,0,0,0,0,0,0,0,0,0,0
3.72164,0,0,0,0,0,0,0,0,1,0,0,-1,0,0,0,0,0,0,0,0,0,0,0,0,0,0,0,0
3.72606,0,0,0,0,0,0,0,0,1,0,0,-1,0,0,0,0,0,0,0,0,0,0,0,0,0,0,0,0
3.73048,0,0,0,0,0,0,0,0,1,0,0,-1,0,0,0,0,0,0,0,0,0,0,0,0,0,0,0,0
3.7349,0,0,0,0,0,0,0,0,1,0,0,-1,0,0,0,0,0,0,0,0,0,0,0,0,0,0,0,0
3.73932,0,0,0,0,0,0,0,0,1,0,0,-1,0,0,0,0,0,0,0,0,0,0,0,0,0,0,0,0
3.74374,0,0,0,0,0,0,0,0,1,0,0,-1,0,0,0,0,0,0,0,0,0,0,0,0,0,0,0,0
3.74816,0,0,0,0,0,0,0,0,1,0,0,-1,0,0,0,0,0,0,0,0,0,0,0,0,0,0,0,0
3.75258,0,0,0,0,0,0,0,0,1,0,0,-1,0,0,0,0,0,0,0,0,0,0,0,0,0,0,0,0
3.757,0,0,0,0,0,0,0,0,1,0,0,-1,0,0,0,0,0,0,0,0,0,0,0,0,0,0,0,0
3.76142,0,0,0,0,0,0,0,0,1,0,0,-1,0,0,0,0,0,0,0,0,0,0,0,0,0,0,0,0
3.76584,0,0,0,0,0,0,0,0,1,0,0,-1,0,0,0,0,0,0,0,0,0,0,0,0,0,0,0,0
3.77026,0,0,0,0,0,0,0,0,1,0,0,-1,0,0,0,0,0,0,0,0,0,0,0,0,0,0,0,0
3.77468,0,0,0,0,0,0,0,0,1,0,0,-1,0,0,0,0,0,0,0,0,0,0,0,0,0,0,0,0
3.7791,0,0,0,0,0,0,0,0,1,0,0,-1,0,0,0,0,0,0,0,0,0,0,0,0,0,0,0,0
3.78352,0,0,0,0,0,0,0,0,1,0,0,-1,0,0,0,0,0,0,0,0,0,0,0,0,0,0,0,0
3.78794,0,0,0,0,0,0,0,0,1,0,0,-1,0,0,0,0,0,0,0,0,0,0,0,0,0,0,0,0
3.79236,0,0,0,0,0,0,0,0,1,0,0,-1,0,0,0,0,0,0,0,0,0,0,0,0,0,0,0,0
3.79678,0,0,0,0,0,0,0,0,1,0,0,-1,0,0,0,0,0,0,0,0,0,0,0,0,0,0,0,0
3.8012,0,0,0,0,0,0,0,0,1,0,0,-1,0,0,0,0,0,0,0,0,0,0,0,0,0,0,0,0
3.80562,0,0,0,0,0,0,0,0,1,0,0,-1,0,0,0,0,0,0,0,0,0,0,0,0,0,0,0,0
3.81004,0,0,0,0,0,0,0,0,1,0,0,-1,0,0,0,0,0,0,0,0,0,0,0,0,0,0,0,0
3.81446,0,0,0,0,0,0,0,0,1,0,0,-1,0,0,0,0,0,0,0,0,0,0,0,0,0,0,0,0
3.81888,0,0,0,0,0,0,0,0,1,0,0,-1,0,0,0,0,0,0,0,0,0,0,0,0,0,0,0,0
3.8233,0,0,0,0,0,0,0,0,1,0,0,-1,0,0,0,0,0,0,0,0,0,0,0,0,0,0,0,0
3.82772,0,0,0,0,0,0,0,0,1,0,0,-1,0,0,0,0,0,0,0,0,0,0,0,0,0,0,0,0
3.83214,0,0,0,0,0,0,0,0,1,0,0,-1,0,0,0,0,0,0,0,0,0,0,0,0,0,0,0,0
3.83656,0,0,0,0,0,0,0,0,1,0,0,-1,0,0,0,0,0,0,0,0,0,0,0,0,0,0,0,0
3.84098,0,0,0,0,0,0,0,0,1,0,0,-1,0,0,0,0,0,0,0,0,0,0,0,0,0,0,0,0
3.8454,0,0,0,0,0,0,0,0,1,0,0,-1,0,0,0,0,0,0,0,0,0,0,0,0,0,0,0,0
3.84982,0,0,0,0,0,0,0,0,1,0,0,-1,0,0,0,0,0,0,0,0,0,0,0,0,0,0,0,0
3.85424,0,0,0,0,0,0,0,0,1,0,0,-1,0,0,0,0,0,0,0,0,0,0,0,0,0,0,0,0
3.85866,0,0,0,0,0,0,0,0,1,0,0,-1,0,0,0,0,0,0,0,0,0,0,0,0,0,0,0,0
3.86308,0,0,0,0,0,0,0,0,1,0,0,-1,0,0,0,0,0,0,0,0,0,0,0,0,0,0,0,0
3.8675,0,0,0,0,0,0,0,0,1,0,0,-1,0,0,0,0,0,0,0,0,0,0,0,0,0,0,0,0
3.87192,0,0,0,0,0,0,0,0,1,0,0,-1,0,0,0,0,0,0,0,0,0,0,0,0,0,0,0,0
3.87634,0,0,0,0,0,0,0,0,1,0,0,-1,0,0,0,0,0,0,0,0,0,0,0,0,0,0,0,0
3.88076,0,0,0,0,0,0,0,0,1,0,0,-1,0,0,0,0,0,0,0,0,0,0,0,0,0,0,0,0
3.88518,0,0,0,0,0,0,0,0,1,0,0,-1,0,0,0,0,0,0,0,0,0,0,0,0,0,0,0,0
3.8896,0,0,0,0,0,0,0,0,1,0,0,-1,0,0,0,0,0,0,0,0,0,0,0,0,0,0,0,0
3.89402,0,0,0,0,0,0,0,0,1,0,0,-1,0,0,0,0,0,0,0,0,0,0,0,0,0,0,0,0
3.89844,0,0,0,0,0,0,0,0,1,0,0,-1,0,0,0,0,0,0,0,0,0,0,0,0,0,0,0,0
3.90286,0,0,0,0,0,0,0,0,1,0,0,-1,0,0,0,0,0,0,0,0,0,0,0,0,0,0,0,0
3.90728,0,0,0,0,0,0,0,0,1,0,0,-1,0,0,0,0,0,0,0,0,0,0,0,0,0,0,0,0
3.9117,0,0,0,0,0,0,0,0,1,0,0,-1,0,0,0,0,0,0,0,0,0,0,0,0,0,0,0,0
3.91612,0,0,0,0,0,0,0,0,1,0,0,-1,0,0,0,0,0,0,0,0,0,0,0,0,0,0,0,0
3.92054,0,0,0,0,0,0,0,0,1,0,0,-1,0,0,0,0,0,0,0,0,0,0,0,0,0,0,0,0
3.92496,0,0,0,0,0,0,0,0,1,0,0,-1,0,0,0,0,0,0,0,0,0,0,0,0,0,0,0,0
3.92938,0,0,0,0,0,0,0,0,1,0,0,-1,0,0,0,0,0,0,0,0,0,0,0,0,0,0,0,0
3.9338,0,0,0,0,0,0,0,0,1,0,0,-1,0,0,0,0,0,0,0,0,0,0,0,0,0,0,0,0
3.93822,0,0,0,0,0,0,0,0,1,0,0,-1,0,0,0,0,0,0,0,0,0,0,0,0,0,0,0,0
3.94264,0,0,0,0,0,0,0,0,1,0,0,-1,0,0,0,0,0,0,0,0,0,0,0,0,0,0,0,0
3.94706,0,0,0,0,0,0,0,0,1,0,0,-1,0,0,0,0,0,0,0,0,0,0,0,0,0,0,0,0
3.95148,0,0,0,0,0,0,0,0,1,0,0,-1,0,0,0,0,0,0,0,0,0,0,0,0,0,0,0,0
3.9559,0,0,0,0,0,0,0,0,1,0,0,-1,0,0,0,0,0,0,0,0,0,0,0,0,0,0,0,0
3.96032,0,0,0,0,0,0,0,0,1,0,0,-1,0,0,0,0,0,0,0,0,0,0,0,0,0,0,0,0
3.96474,0,0,0,0,0,0,0,0,1,0,0,-1,0,0,0,0,0,0,0,0,0,0,0,0,0,0,0,0
3.96916,0,0,0,0,0,0,0,0,1,0,0,-1,0,0,0,0,0,0,0,0,0,0,0,0,0,0,0,0
3.97358,0,0,0,0,0,0,0,0,1,0,0,-1,0,0,0,0,0,0,0,0,0,0,0,0,0,0,0,0
3.978,0,0,0,0,0,0,0,0,1,0,0,-1,0,0,0,0,0,0,0,0,0,0,0,0,0,0,0,0
3.98242,0,0,0,0,0,0,0,0,1,0,0,-1,0,0,0,0,0,0,0,0,0,0,0,0,0,0,0,0
3.98684,0,0,0,0,0,0,0,0,1,0,0,-1,0,0,0,0,0,0,0,0,0,0,0,0,0,0,0,0
3.99126,0,0,0,0,0,0,0,0,1,0,0,-1,0,0,0,0,0,0,0,0,0,0,0,0,0,0,0,0
3.99568,0,0,0,0,0,0,0,0,1,0,0,-1,0,0,0,0,0,0,0,0,0,0,0,0,0,0,0,0
4.0001,0,0,0,0,0,0,0,0,1,0,0,-1,0,0,0,0,0,0,0,0,0,0,0,0,0,0,0,0
